
Insert into T_MC_ESTADO (SG_ESTADO,NM_ESTADO) values ('AC','Acre');
Insert into T_MC_ESTADO (SG_ESTADO,NM_ESTADO) values ('AL','Alagoas');
Insert into T_MC_ESTADO (SG_ESTADO,NM_ESTADO) values ('AP','Amapa');
Insert into T_MC_ESTADO (SG_ESTADO,NM_ESTADO) values ('AM','Amazona');
Insert into T_MC_ESTADO (SG_ESTADO,NM_ESTADO) values ('BA','Bahia');
Insert into T_MC_ESTADO (SG_ESTADO,NM_ESTADO) values ('CE','Ceara');
Insert into T_MC_ESTADO (SG_ESTADO,NM_ESTADO) values ('DF','Distrito Federa');
Insert into T_MC_ESTADO (SG_ESTADO,NM_ESTADO) values ('ES','Espirito Santo');
Insert into T_MC_ESTADO (SG_ESTADO,NM_ESTADO) values ('GO','Goias');
Insert into T_MC_ESTADO (SG_ESTADO,NM_ESTADO) values ('MA','Maranhao');
Insert into T_MC_ESTADO (SG_ESTADO,NM_ESTADO) values ('MT','Mato Grosso');
Insert into T_MC_ESTADO (SG_ESTADO,NM_ESTADO) values ('MS','Mato Grosso do Sul');
Insert into T_MC_ESTADO (SG_ESTADO,NM_ESTADO) values ('MG','Minas Gerais');
Insert into T_MC_ESTADO (SG_ESTADO,NM_ESTADO) values ('PA','Para');
Insert into T_MC_ESTADO (SG_ESTADO,NM_ESTADO) values ('PB','Paraiba');
Insert into T_MC_ESTADO (SG_ESTADO,NM_ESTADO) values ('PR','Parana');
Insert into T_MC_ESTADO (SG_ESTADO,NM_ESTADO) values ('PE','Pernambuco');
Insert into T_MC_ESTADO (SG_ESTADO,NM_ESTADO) values ('PI','Piaui');
Insert into T_MC_ESTADO (SG_ESTADO,NM_ESTADO) values ('RJ','Rio de Janeiro');
Insert into T_MC_ESTADO (SG_ESTADO,NM_ESTADO) values ('RN','Rio Grande do Norte');
Insert into T_MC_ESTADO (SG_ESTADO,NM_ESTADO) values ('RS','Rio Grande do Sul');
Insert into T_MC_ESTADO (SG_ESTADO,NM_ESTADO) values ('RO','Rondonia');
Insert into T_MC_ESTADO (SG_ESTADO,NM_ESTADO) values ('RR','Roraima');
Insert into T_MC_ESTADO (SG_ESTADO,NM_ESTADO) values ('SC','Santa Catarina');
Insert into T_MC_ESTADO (SG_ESTADO,NM_ESTADO) values ('SP','Sao Paulo');
Insert into T_MC_ESTADO (SG_ESTADO,NM_ESTADO) values ('SE','Sergipe');
Insert into T_MC_ESTADO (SG_ESTADO,NM_ESTADO) values ('TO','Tocantins');

Insert into T_MC_CIDADE (CD_CIDADE,SG_ESTADO,NM_CIDADE,CD_IBGE,NR_DDD) values ('1','AC','RIO BRANCO',null,null);
Insert into T_MC_CIDADE (CD_CIDADE,SG_ESTADO,NM_CIDADE,CD_IBGE,NR_DDD) values ('2','AC','CRUZEIRO DO SUL',null,null);
Insert into T_MC_CIDADE (CD_CIDADE,SG_ESTADO,NM_CIDADE,CD_IBGE,NR_DDD) values ('3','AC','SENA MADUREIRA',null,null);
Insert into T_MC_CIDADE (CD_CIDADE,SG_ESTADO,NM_CIDADE,CD_IBGE,NR_DDD) values ('4','AL','MACEIÓ',null,null);
Insert into T_MC_CIDADE (CD_CIDADE,SG_ESTADO,NM_CIDADE,CD_IBGE,NR_DDD) values ('5','AL','ARAPIRACA',null,null);
Insert into T_MC_CIDADE (CD_CIDADE,SG_ESTADO,NM_CIDADE,CD_IBGE,NR_DDD) values ('6','AL','RIO LARGO',null,null);
Insert into T_MC_CIDADE (CD_CIDADE,SG_ESTADO,NM_CIDADE,CD_IBGE,NR_DDD) values ('7','AP','MACAPÁ',null,null);
Insert into T_MC_CIDADE (CD_CIDADE,SG_ESTADO,NM_CIDADE,CD_IBGE,NR_DDD) values ('8','AP','SANTANA',null,null);
Insert into T_MC_CIDADE (CD_CIDADE,SG_ESTADO,NM_CIDADE,CD_IBGE,NR_DDD) values ('9','AP','LARANJAL DO JARI',null,null);
Insert into T_MC_CIDADE (CD_CIDADE,SG_ESTADO,NM_CIDADE,CD_IBGE,NR_DDD) values ('10','AM','MANAUS',null,null);
Insert into T_MC_CIDADE (CD_CIDADE,SG_ESTADO,NM_CIDADE,CD_IBGE,NR_DDD) values ('11','AM','PARINTINS',null,null);
Insert into T_MC_CIDADE (CD_CIDADE,SG_ESTADO,NM_CIDADE,CD_IBGE,NR_DDD) values ('12','AM','ITACOATIARA',null,null);
Insert into T_MC_CIDADE (CD_CIDADE,SG_ESTADO,NM_CIDADE,CD_IBGE,NR_DDD) values ('13','BA','SALVADOR',null,null);
Insert into T_MC_CIDADE (CD_CIDADE,SG_ESTADO,NM_CIDADE,CD_IBGE,NR_DDD) values ('14','BA','FEIRA DE SANTANA',null,null);
Insert into T_MC_CIDADE (CD_CIDADE,SG_ESTADO,NM_CIDADE,CD_IBGE,NR_DDD) values ('15','BA','VITÓRIA DA CONQUISTA',null,null);
Insert into T_MC_CIDADE (CD_CIDADE,SG_ESTADO,NM_CIDADE,CD_IBGE,NR_DDD) values ('16','CE','FORTALEZA',null,null);
Insert into T_MC_CIDADE (CD_CIDADE,SG_ESTADO,NM_CIDADE,CD_IBGE,NR_DDD) values ('17','CE','CAUCAIA',null,null);
Insert into T_MC_CIDADE (CD_CIDADE,SG_ESTADO,NM_CIDADE,CD_IBGE,NR_DDD) values ('18','CE','JUAZEIRO DO NORTE',null,null);
Insert into T_MC_CIDADE (CD_CIDADE,SG_ESTADO,NM_CIDADE,CD_IBGE,NR_DDD) values ('19','DF','BRASILIA',null,null);
Insert into T_MC_CIDADE (CD_CIDADE,SG_ESTADO,NM_CIDADE,CD_IBGE,NR_DDD) values ('20','ES','SERRA',null,null);
Insert into T_MC_CIDADE (CD_CIDADE,SG_ESTADO,NM_CIDADE,CD_IBGE,NR_DDD) values ('21','ES','VIA VELHA',null,null);
Insert into T_MC_CIDADE (CD_CIDADE,SG_ESTADO,NM_CIDADE,CD_IBGE,NR_DDD) values ('22','ES','CARIACICA',null,null);
Insert into T_MC_CIDADE (CD_CIDADE,SG_ESTADO,NM_CIDADE,CD_IBGE,NR_DDD) values ('23','GO','GOIANIA',null,null);
Insert into T_MC_CIDADE (CD_CIDADE,SG_ESTADO,NM_CIDADE,CD_IBGE,NR_DDD) values ('24','GO','APARECIDA DE GOIANIA',null,null);
Insert into T_MC_CIDADE (CD_CIDADE,SG_ESTADO,NM_CIDADE,CD_IBGE,NR_DDD) values ('25','GO','ANAPOLIS',null,null);
Insert into T_MC_CIDADE (CD_CIDADE,SG_ESTADO,NM_CIDADE,CD_IBGE,NR_DDD) values ('26','MA','SAO LUIS',null,null);
Insert into T_MC_CIDADE (CD_CIDADE,SG_ESTADO,NM_CIDADE,CD_IBGE,NR_DDD) values ('27','MA','IMPERATRIZ',null,null);
Insert into T_MC_CIDADE (CD_CIDADE,SG_ESTADO,NM_CIDADE,CD_IBGE,NR_DDD) values ('28','MA','SAO JOSE DE RIBAMAR',null,null);
Insert into T_MC_CIDADE (CD_CIDADE,SG_ESTADO,NM_CIDADE,CD_IBGE,NR_DDD) values ('29','MT','CUIABA',null,null);
Insert into T_MC_CIDADE (CD_CIDADE,SG_ESTADO,NM_CIDADE,CD_IBGE,NR_DDD) values ('30','MT','VARZEA GRANDE',null,null);
Insert into T_MC_CIDADE (CD_CIDADE,SG_ESTADO,NM_CIDADE,CD_IBGE,NR_DDD) values ('31','MT','RONDONOPOLIS',null,null);
Insert into T_MC_CIDADE (CD_CIDADE,SG_ESTADO,NM_CIDADE,CD_IBGE,NR_DDD) values ('32','MS','CMAPO GRANDE',null,null);
Insert into T_MC_CIDADE (CD_CIDADE,SG_ESTADO,NM_CIDADE,CD_IBGE,NR_DDD) values ('33','MS','DOURADOS',null,null);
Insert into T_MC_CIDADE (CD_CIDADE,SG_ESTADO,NM_CIDADE,CD_IBGE,NR_DDD) values ('34','MS','TRES LAGOAS',null,null);
Insert into T_MC_CIDADE (CD_CIDADE,SG_ESTADO,NM_CIDADE,CD_IBGE,NR_DDD) values ('35','MG','BELO HORIZONTE',null,null);
Insert into T_MC_CIDADE (CD_CIDADE,SG_ESTADO,NM_CIDADE,CD_IBGE,NR_DDD) values ('36','MG','UBERLANDIA',null,null);
Insert into T_MC_CIDADE (CD_CIDADE,SG_ESTADO,NM_CIDADE,CD_IBGE,NR_DDD) values ('37','MG','CONTAGEM',null,null);
Insert into T_MC_CIDADE (CD_CIDADE,SG_ESTADO,NM_CIDADE,CD_IBGE,NR_DDD) values ('38','PA','BELEM',null,null);
Insert into T_MC_CIDADE (CD_CIDADE,SG_ESTADO,NM_CIDADE,CD_IBGE,NR_DDD) values ('39','PA','ANANINDEUA',null,null);
Insert into T_MC_CIDADE (CD_CIDADE,SG_ESTADO,NM_CIDADE,CD_IBGE,NR_DDD) values ('40','PA','SANTAREM',null,null);
Insert into T_MC_CIDADE (CD_CIDADE,SG_ESTADO,NM_CIDADE,CD_IBGE,NR_DDD) values ('41','PB','JOAO PESSOA',null,null);
Insert into T_MC_CIDADE (CD_CIDADE,SG_ESTADO,NM_CIDADE,CD_IBGE,NR_DDD) values ('42','PB','CAMPINA GRANDE',null,null);
Insert into T_MC_CIDADE (CD_CIDADE,SG_ESTADO,NM_CIDADE,CD_IBGE,NR_DDD) values ('43','PB','SANTA RITA',null,null);
Insert into T_MC_CIDADE (CD_CIDADE,SG_ESTADO,NM_CIDADE,CD_IBGE,NR_DDD) values ('44','PR','CURITIBA',null,null);
Insert into T_MC_CIDADE (CD_CIDADE,SG_ESTADO,NM_CIDADE,CD_IBGE,NR_DDD) values ('45','PR','LONDRINA',null,null);
Insert into T_MC_CIDADE (CD_CIDADE,SG_ESTADO,NM_CIDADE,CD_IBGE,NR_DDD) values ('46','PR','MARINGA',null,null);
Insert into T_MC_CIDADE (CD_CIDADE,SG_ESTADO,NM_CIDADE,CD_IBGE,NR_DDD) values ('47','PE','RECIFE',null,null);
Insert into T_MC_CIDADE (CD_CIDADE,SG_ESTADO,NM_CIDADE,CD_IBGE,NR_DDD) values ('48','PE','JABOATAO DOS GUARARAPES',null,null);
Insert into T_MC_CIDADE (CD_CIDADE,SG_ESTADO,NM_CIDADE,CD_IBGE,NR_DDD) values ('49','PE','OLINDA',null,null);
Insert into T_MC_CIDADE (CD_CIDADE,SG_ESTADO,NM_CIDADE,CD_IBGE,NR_DDD) values ('50','PI','TERESINA',null,null);
Insert into T_MC_CIDADE (CD_CIDADE,SG_ESTADO,NM_CIDADE,CD_IBGE,NR_DDD) values ('51','PI','PARNAIBA',null,null);
Insert into T_MC_CIDADE (CD_CIDADE,SG_ESTADO,NM_CIDADE,CD_IBGE,NR_DDD) values ('52','PI','PICOS',null,null);
Insert into T_MC_CIDADE (CD_CIDADE,SG_ESTADO,NM_CIDADE,CD_IBGE,NR_DDD) values ('53','RJ','RIO DE JANEIRO',null,null);
Insert into T_MC_CIDADE (CD_CIDADE,SG_ESTADO,NM_CIDADE,CD_IBGE,NR_DDD) values ('54','RJ','SAO GONCALO',null,null);
Insert into T_MC_CIDADE (CD_CIDADE,SG_ESTADO,NM_CIDADE,CD_IBGE,NR_DDD) values ('55','RJ','DUQUE DE CAXIAS',null,null);
Insert into T_MC_CIDADE (CD_CIDADE,SG_ESTADO,NM_CIDADE,CD_IBGE,NR_DDD) values ('56','RN','NATAL',null,null);
Insert into T_MC_CIDADE (CD_CIDADE,SG_ESTADO,NM_CIDADE,CD_IBGE,NR_DDD) values ('57','RN','MOSSORO',null,null);
Insert into T_MC_CIDADE (CD_CIDADE,SG_ESTADO,NM_CIDADE,CD_IBGE,NR_DDD) values ('58','RN','PARNAMIRIM',null,null);
Insert into T_MC_CIDADE (CD_CIDADE,SG_ESTADO,NM_CIDADE,CD_IBGE,NR_DDD) values ('59','RS','PORTO ALEGRE',null,null);
Insert into T_MC_CIDADE (CD_CIDADE,SG_ESTADO,NM_CIDADE,CD_IBGE,NR_DDD) values ('60','RS','CAXIAS DO SUL',null,null);
Insert into T_MC_CIDADE (CD_CIDADE,SG_ESTADO,NM_CIDADE,CD_IBGE,NR_DDD) values ('61','RS','CANOAS',null,null);
Insert into T_MC_CIDADE (CD_CIDADE,SG_ESTADO,NM_CIDADE,CD_IBGE,NR_DDD) values ('62','RO','PORTO VELHO',null,null);
Insert into T_MC_CIDADE (CD_CIDADE,SG_ESTADO,NM_CIDADE,CD_IBGE,NR_DDD) values ('63','RO','BURITIS',null,null);
Insert into T_MC_CIDADE (CD_CIDADE,SG_ESTADO,NM_CIDADE,CD_IBGE,NR_DDD) values ('64','RO','JIPARANA',null,null);
Insert into T_MC_CIDADE (CD_CIDADE,SG_ESTADO,NM_CIDADE,CD_IBGE,NR_DDD) values ('65','RR','BOA VISTA',null,null);
Insert into T_MC_CIDADE (CD_CIDADE,SG_ESTADO,NM_CIDADE,CD_IBGE,NR_DDD) values ('66','RR','RORAINOPOLIS',null,null);
Insert into T_MC_CIDADE (CD_CIDADE,SG_ESTADO,NM_CIDADE,CD_IBGE,NR_DDD) values ('67','RR','CARACARAI',null,null);
Insert into T_MC_CIDADE (CD_CIDADE,SG_ESTADO,NM_CIDADE,CD_IBGE,NR_DDD) values ('68','SC','JOINVILLE',null,null);
Insert into T_MC_CIDADE (CD_CIDADE,SG_ESTADO,NM_CIDADE,CD_IBGE,NR_DDD) values ('69','SC','FLORIANOPOLIS',null,null);
Insert into T_MC_CIDADE (CD_CIDADE,SG_ESTADO,NM_CIDADE,CD_IBGE,NR_DDD) values ('70','SC','BLUMENAU',null,null);
Insert into T_MC_CIDADE (CD_CIDADE,SG_ESTADO,NM_CIDADE,CD_IBGE,NR_DDD) values ('71','SP','SAO PAULO',null,null);
Insert into T_MC_CIDADE (CD_CIDADE,SG_ESTADO,NM_CIDADE,CD_IBGE,NR_DDD) values ('72','SP','GUARULHOS',null,null);
Insert into T_MC_CIDADE (CD_CIDADE,SG_ESTADO,NM_CIDADE,CD_IBGE,NR_DDD) values ('73','SP','CAMPINAS',null,null);
Insert into T_MC_CIDADE (CD_CIDADE,SG_ESTADO,NM_CIDADE,CD_IBGE,NR_DDD) values ('74','SE','ARACAJU',null,null);
Insert into T_MC_CIDADE (CD_CIDADE,SG_ESTADO,NM_CIDADE,CD_IBGE,NR_DDD) values ('75','SE','NOSSA SENHORA DO SOCORRO',null,null);
Insert into T_MC_CIDADE (CD_CIDADE,SG_ESTADO,NM_CIDADE,CD_IBGE,NR_DDD) values ('76','SE','LAGARTO',null,null);
Insert into T_MC_CIDADE (CD_CIDADE,SG_ESTADO,NM_CIDADE,CD_IBGE,NR_DDD) values ('77','TO','PALMAS',null,null);
Insert into T_MC_CIDADE (CD_CIDADE,SG_ESTADO,NM_CIDADE,CD_IBGE,NR_DDD) values ('78','TO','ARAGUAINA',null,null);
Insert into T_MC_CIDADE (CD_CIDADE,SG_ESTADO,NM_CIDADE,CD_IBGE,NR_DDD) values ('79','TO','GURUPI',null,null);

Insert into T_MC_BAIRRO (CD_BAIRRO,CD_CIDADE,NM_BAIRRO,NM_ZONA_BAIRRO) values ('1','1','Base',null);
Insert into T_MC_BAIRRO (CD_BAIRRO,CD_CIDADE,NM_BAIRRO,NM_ZONA_BAIRRO) values ('2','1','Centro',null);
Insert into T_MC_BAIRRO (CD_BAIRRO,CD_CIDADE,NM_BAIRRO,NM_ZONA_BAIRRO) values ('3','1','Base',null);
Insert into T_MC_BAIRRO (CD_BAIRRO,CD_CIDADE,NM_BAIRRO,NM_ZONA_BAIRRO) values ('4','2','Centro',null);
Insert into T_MC_BAIRRO (CD_BAIRRO,CD_CIDADE,NM_BAIRRO,NM_ZONA_BAIRRO) values ('5','2','Centro',null);
Insert into T_MC_BAIRRO (CD_BAIRRO,CD_CIDADE,NM_BAIRRO,NM_ZONA_BAIRRO) values ('6','2','ComunidadeSantaLuzia',null);
Insert into T_MC_BAIRRO (CD_BAIRRO,CD_CIDADE,NM_BAIRRO,NM_ZONA_BAIRRO) values ('7','3','Zona1',null);
Insert into T_MC_BAIRRO (CD_BAIRRO,CD_CIDADE,NM_BAIRRO,NM_ZONA_BAIRRO) values ('8','3','Centro',null);
Insert into T_MC_BAIRRO (CD_BAIRRO,CD_CIDADE,NM_BAIRRO,NM_ZONA_BAIRRO) values ('9','3','Centro',null);
Insert into T_MC_BAIRRO (CD_BAIRRO,CD_CIDADE,NM_BAIRRO,NM_ZONA_BAIRRO) values ('10','4','Centro',null);
Insert into T_MC_BAIRRO (CD_BAIRRO,CD_CIDADE,NM_BAIRRO,NM_ZONA_BAIRRO) values ('11','4','Centro',null);
Insert into T_MC_BAIRRO (CD_BAIRRO,CD_CIDADE,NM_BAIRRO,NM_ZONA_BAIRRO) values ('12','4','Centro',null);
Insert into T_MC_BAIRRO (CD_BAIRRO,CD_CIDADE,NM_BAIRRO,NM_ZONA_BAIRRO) values ('13','5','OuroPreto',null);
Insert into T_MC_BAIRRO (CD_BAIRRO,CD_CIDADE,NM_BAIRRO,NM_ZONA_BAIRRO) values ('14','5','SãoLuiz',null);
Insert into T_MC_BAIRRO (CD_BAIRRO,CD_CIDADE,NM_BAIRRO,NM_ZONA_BAIRRO) values ('15','5','Capiatã',null);
Insert into T_MC_BAIRRO (CD_BAIRRO,CD_CIDADE,NM_BAIRRO,NM_ZONA_BAIRRO) values ('16','6','NovaCidade',null);
Insert into T_MC_BAIRRO (CD_BAIRRO,CD_CIDADE,NM_BAIRRO,NM_ZONA_BAIRRO) values ('17','6','Centro',null);
Insert into T_MC_BAIRRO (CD_BAIRRO,CD_CIDADE,NM_BAIRRO,NM_ZONA_BAIRRO) values ('18','6','TabuleirodoPinto',null);
Insert into T_MC_BAIRRO (CD_BAIRRO,CD_CIDADE,NM_BAIRRO,NM_ZONA_BAIRRO) values ('19','7','Centro',null);
Insert into T_MC_BAIRRO (CD_BAIRRO,CD_CIDADE,NM_BAIRRO,NM_ZONA_BAIRRO) values ('20','7','Centro',null);
Insert into T_MC_BAIRRO (CD_BAIRRO,CD_CIDADE,NM_BAIRRO,NM_ZONA_BAIRRO) values ('21','7','Centro',null);
Insert into T_MC_BAIRRO (CD_BAIRRO,CD_CIDADE,NM_BAIRRO,NM_ZONA_BAIRRO) values ('22','8','CidadeVelha',null);
Insert into T_MC_BAIRRO (CD_BAIRRO,CD_CIDADE,NM_BAIRRO,NM_ZONA_BAIRRO) values ('23','8','Centro',null);
Insert into T_MC_BAIRRO (CD_BAIRRO,CD_CIDADE,NM_BAIRRO,NM_ZONA_BAIRRO) values ('24','8','Comercial',null);
Insert into T_MC_BAIRRO (CD_BAIRRO,CD_CIDADE,NM_BAIRRO,NM_ZONA_BAIRRO) values ('25','9','Base',null);
Insert into T_MC_BAIRRO (CD_BAIRRO,CD_CIDADE,NM_BAIRRO,NM_ZONA_BAIRRO) values ('26','9','Centro',null);
Insert into T_MC_BAIRRO (CD_BAIRRO,CD_CIDADE,NM_BAIRRO,NM_ZONA_BAIRRO) values ('27','9','Zona1',null);
Insert into T_MC_BAIRRO (CD_BAIRRO,CD_CIDADE,NM_BAIRRO,NM_ZONA_BAIRRO) values ('28','10','NovaCidade',null);
Insert into T_MC_BAIRRO (CD_BAIRRO,CD_CIDADE,NM_BAIRRO,NM_ZONA_BAIRRO) values ('29','10','CidadeVelha',null);
Insert into T_MC_BAIRRO (CD_BAIRRO,CD_CIDADE,NM_BAIRRO,NM_ZONA_BAIRRO) values ('30','10','Centro',null);
Insert into T_MC_BAIRRO (CD_BAIRRO,CD_CIDADE,NM_BAIRRO,NM_ZONA_BAIRRO) values ('31','11','Base',null);
Insert into T_MC_BAIRRO (CD_BAIRRO,CD_CIDADE,NM_BAIRRO,NM_ZONA_BAIRRO) values ('32','11','Centro',null);
Insert into T_MC_BAIRRO (CD_BAIRRO,CD_CIDADE,NM_BAIRRO,NM_ZONA_BAIRRO) values ('33','11','Zona1',null);
Insert into T_MC_BAIRRO (CD_BAIRRO,CD_CIDADE,NM_BAIRRO,NM_ZONA_BAIRRO) values ('34','12','NovaCidade',null);
Insert into T_MC_BAIRRO (CD_BAIRRO,CD_CIDADE,NM_BAIRRO,NM_ZONA_BAIRRO) values ('35','12','CidadeVelha',null);
Insert into T_MC_BAIRRO (CD_BAIRRO,CD_CIDADE,NM_BAIRRO,NM_ZONA_BAIRRO) values ('36','12','Centenário',null);
Insert into T_MC_BAIRRO (CD_BAIRRO,CD_CIDADE,NM_BAIRRO,NM_ZONA_BAIRRO) values ('37','13','Comercial',null);
Insert into T_MC_BAIRRO (CD_BAIRRO,CD_CIDADE,NM_BAIRRO,NM_ZONA_BAIRRO) values ('38','13','Comércio',null);
Insert into T_MC_BAIRRO (CD_BAIRRO,CD_CIDADE,NM_BAIRRO,NM_ZONA_BAIRRO) values ('39','13','Centro',null);
Insert into T_MC_BAIRRO (CD_BAIRRO,CD_CIDADE,NM_BAIRRO,NM_ZONA_BAIRRO) values ('40','14','Centro',null);
Insert into T_MC_BAIRRO (CD_BAIRRO,CD_CIDADE,NM_BAIRRO,NM_ZONA_BAIRRO) values ('41','14','SerrariaBrasil',null);
Insert into T_MC_BAIRRO (CD_BAIRRO,CD_CIDADE,NM_BAIRRO,NM_ZONA_BAIRRO) values ('42','14','OlhosDÁgua',null);
Insert into T_MC_BAIRRO (CD_BAIRRO,CD_CIDADE,NM_BAIRRO,NM_ZONA_BAIRRO) values ('43','15','Centro',null);
Insert into T_MC_BAIRRO (CD_BAIRRO,CD_CIDADE,NM_BAIRRO,NM_ZONA_BAIRRO) values ('44','15','Centro',null);
Insert into T_MC_BAIRRO (CD_BAIRRO,CD_CIDADE,NM_BAIRRO,NM_ZONA_BAIRRO) values ('45','15','Centro',null);
Insert into T_MC_BAIRRO (CD_BAIRRO,CD_CIDADE,NM_BAIRRO,NM_ZONA_BAIRRO) values ('46','16','MouraBrasil',null);
Insert into T_MC_BAIRRO (CD_BAIRRO,CD_CIDADE,NM_BAIRRO,NM_ZONA_BAIRRO) values ('47','16','Centro',null);
Insert into T_MC_BAIRRO (CD_BAIRRO,CD_CIDADE,NM_BAIRRO,NM_ZONA_BAIRRO) values ('48','16','Jacarecanga',null);
Insert into T_MC_BAIRRO (CD_BAIRRO,CD_CIDADE,NM_BAIRRO,NM_ZONA_BAIRRO) values ('49','17','Centro',null);
Insert into T_MC_BAIRRO (CD_BAIRRO,CD_CIDADE,NM_BAIRRO,NM_ZONA_BAIRRO) values ('50','17','NovoPabussu',null);
Insert into T_MC_BAIRRO (CD_BAIRRO,CD_CIDADE,NM_BAIRRO,NM_ZONA_BAIRRO) values ('51','17','Grilo',null);
Insert into T_MC_BAIRRO (CD_BAIRRO,CD_CIDADE,NM_BAIRRO,NM_ZONA_BAIRRO) values ('52','18','Centro',null);
Insert into T_MC_BAIRRO (CD_BAIRRO,CD_CIDADE,NM_BAIRRO,NM_ZONA_BAIRRO) values ('53','18','Socorro',null);
Insert into T_MC_BAIRRO (CD_BAIRRO,CD_CIDADE,NM_BAIRRO,NM_ZONA_BAIRRO) values ('54','18','SãoMiguel',null);
Insert into T_MC_BAIRRO (CD_BAIRRO,CD_CIDADE,NM_BAIRRO,NM_ZONA_BAIRRO) values ('55','19','AsaNorte',null);
Insert into T_MC_BAIRRO (CD_BAIRRO,CD_CIDADE,NM_BAIRRO,NM_ZONA_BAIRRO) values ('56','19','AsaSul',null);
Insert into T_MC_BAIRRO (CD_BAIRRO,CD_CIDADE,NM_BAIRRO,NM_ZONA_BAIRRO) values ('57','19','AsaNorte',null);
Insert into T_MC_BAIRRO (CD_BAIRRO,CD_CIDADE,NM_BAIRRO,NM_ZONA_BAIRRO) values ('58','20','RosáriodeFátima',null);
Insert into T_MC_BAIRRO (CD_BAIRRO,CD_CIDADE,NM_BAIRRO,NM_ZONA_BAIRRO) values ('59','20','PlanaltodeCarapina',null);
Insert into T_MC_BAIRRO (CD_BAIRRO,CD_CIDADE,NM_BAIRRO,NM_ZONA_BAIRRO) values ('60','20','ParqueResidencialLaranjeiras',null);
Insert into T_MC_BAIRRO (CD_BAIRRO,CD_CIDADE,NM_BAIRRO,NM_ZONA_BAIRRO) values ('61','21','Centro',null);
Insert into T_MC_BAIRRO (CD_BAIRRO,CD_CIDADE,NM_BAIRRO,NM_ZONA_BAIRRO) values ('62','21','Centro',null);
Insert into T_MC_BAIRRO (CD_BAIRRO,CD_CIDADE,NM_BAIRRO,NM_ZONA_BAIRRO) values ('63','21','Centro',null);
Insert into T_MC_BAIRRO (CD_BAIRRO,CD_CIDADE,NM_BAIRRO,NM_ZONA_BAIRRO) values ('64','22','VilaCapixaba',null);
Insert into T_MC_BAIRRO (CD_BAIRRO,CD_CIDADE,NM_BAIRRO,NM_ZONA_BAIRRO) values ('65','22','SãoFrancisco',null);
Insert into T_MC_BAIRRO (CD_BAIRRO,CD_CIDADE,NM_BAIRRO,NM_ZONA_BAIRRO) values ('66','22','DomBosco',null);
Insert into T_MC_BAIRRO (CD_BAIRRO,CD_CIDADE,NM_BAIRRO,NM_ZONA_BAIRRO) values ('67','23','Centro',null);
Insert into T_MC_BAIRRO (CD_BAIRRO,CD_CIDADE,NM_BAIRRO,NM_ZONA_BAIRRO) values ('68','23','Centro',null);
Insert into T_MC_BAIRRO (CD_BAIRRO,CD_CIDADE,NM_BAIRRO,NM_ZONA_BAIRRO) values ('69','23','Centro',null);
Insert into T_MC_BAIRRO (CD_BAIRRO,CD_CIDADE,NM_BAIRRO,NM_ZONA_BAIRRO) values ('70','24','Centro',null);
Insert into T_MC_BAIRRO (CD_BAIRRO,CD_CIDADE,NM_BAIRRO,NM_ZONA_BAIRRO) values ('71','24','Centro',null);
Insert into T_MC_BAIRRO (CD_BAIRRO,CD_CIDADE,NM_BAIRRO,NM_ZONA_BAIRRO) values ('72','24','Centro',null);
Insert into T_MC_BAIRRO (CD_BAIRRO,CD_CIDADE,NM_BAIRRO,NM_ZONA_BAIRRO) values ('73','25','SetorCentral',null);
Insert into T_MC_BAIRRO (CD_BAIRRO,CD_CIDADE,NM_BAIRRO,NM_ZONA_BAIRRO) values ('74','25','Maracanã',null);
Insert into T_MC_BAIRRO (CD_BAIRRO,CD_CIDADE,NM_BAIRRO,NM_ZONA_BAIRRO) values ('75','25','SetorCentral',null);
Insert into T_MC_BAIRRO (CD_BAIRRO,CD_CIDADE,NM_BAIRRO,NM_ZONA_BAIRRO) values ('76','26','Centro',null);
Insert into T_MC_BAIRRO (CD_BAIRRO,CD_CIDADE,NM_BAIRRO,NM_ZONA_BAIRRO) values ('77','26','Areinha',null);
Insert into T_MC_BAIRRO (CD_BAIRRO,CD_CIDADE,NM_BAIRRO,NM_ZONA_BAIRRO) values ('78','26','Centro',null);
Insert into T_MC_BAIRRO (CD_BAIRRO,CD_CIDADE,NM_BAIRRO,NM_ZONA_BAIRRO) values ('79','27','BeiraRio',null);
Insert into T_MC_BAIRRO (CD_BAIRRO,CD_CIDADE,NM_BAIRRO,NM_ZONA_BAIRRO) values ('80','27','Centro',null);
Insert into T_MC_BAIRRO (CD_BAIRRO,CD_CIDADE,NM_BAIRRO,NM_ZONA_BAIRRO) values ('81','27','SãoJosédoEgito',null);
Insert into T_MC_BAIRRO (CD_BAIRRO,CD_CIDADE,NM_BAIRRO,NM_ZONA_BAIRRO) values ('82','28','Centro',null);
Insert into T_MC_BAIRRO (CD_BAIRRO,CD_CIDADE,NM_BAIRRO,NM_ZONA_BAIRRO) values ('83','28','Centro',null);
Insert into T_MC_BAIRRO (CD_BAIRRO,CD_CIDADE,NM_BAIRRO,NM_ZONA_BAIRRO) values ('84','28','Centro',null);
Insert into T_MC_BAIRRO (CD_BAIRRO,CD_CIDADE,NM_BAIRRO,NM_ZONA_BAIRRO) values ('85','29','Centro-Norte',null);
Insert into T_MC_BAIRRO (CD_BAIRRO,CD_CIDADE,NM_BAIRRO,NM_ZONA_BAIRRO) values ('86','29','Araés',null);
Insert into T_MC_BAIRRO (CD_BAIRRO,CD_CIDADE,NM_BAIRRO,NM_ZONA_BAIRRO) values ('87','29','ResidencialConcadoro',null);
Insert into T_MC_BAIRRO (CD_BAIRRO,CD_CIDADE,NM_BAIRRO,NM_ZONA_BAIRRO) values ('88','30','AreaVelha',null);
Insert into T_MC_BAIRRO (CD_BAIRRO,CD_CIDADE,NM_BAIRRO,NM_ZONA_BAIRRO) values ('89','30','Centro',null);
Insert into T_MC_BAIRRO (CD_BAIRRO,CD_CIDADE,NM_BAIRRO,NM_ZONA_BAIRRO) values ('90','30','Centro-Sul',null);
Insert into T_MC_BAIRRO (CD_BAIRRO,CD_CIDADE,NM_BAIRRO,NM_ZONA_BAIRRO) values ('91','31','VilaCanaã',null);
Insert into T_MC_BAIRRO (CD_BAIRRO,CD_CIDADE,NM_BAIRRO,NM_ZONA_BAIRRO) values ('92','31','Centro',null);
Insert into T_MC_BAIRRO (CD_BAIRRO,CD_CIDADE,NM_BAIRRO,NM_ZONA_BAIRRO) values ('93','31','JardimCuiabá',null);
Insert into T_MC_BAIRRO (CD_BAIRRO,CD_CIDADE,NM_BAIRRO,NM_ZONA_BAIRRO) values ('94','32','Centro',null);
Insert into T_MC_BAIRRO (CD_BAIRRO,CD_CIDADE,NM_BAIRRO,NM_ZONA_BAIRRO) values ('95','32','Centro',null);
Insert into T_MC_BAIRRO (CD_BAIRRO,CD_CIDADE,NM_BAIRRO,NM_ZONA_BAIRRO) values ('96','32','Centro',null);
Insert into T_MC_BAIRRO (CD_BAIRRO,CD_CIDADE,NM_BAIRRO,NM_ZONA_BAIRRO) values ('97','33','Centro',null);
Insert into T_MC_BAIRRO (CD_BAIRRO,CD_CIDADE,NM_BAIRRO,NM_ZONA_BAIRRO) values ('98','33','JardimAmérica',null);
Insert into T_MC_BAIRRO (CD_BAIRRO,CD_CIDADE,NM_BAIRRO,NM_ZONA_BAIRRO) values ('99','33','JardimCentral',null);
Insert into T_MC_BAIRRO (CD_BAIRRO,CD_CIDADE,NM_BAIRRO,NM_ZONA_BAIRRO) values ('100','34','Centro',null);
Insert into T_MC_BAIRRO (CD_BAIRRO,CD_CIDADE,NM_BAIRRO,NM_ZONA_BAIRRO) values ('101','34','Centro',null);
Insert into T_MC_BAIRRO (CD_BAIRRO,CD_CIDADE,NM_BAIRRO,NM_ZONA_BAIRRO) values ('102','34','Centro',null);
Insert into T_MC_BAIRRO (CD_BAIRRO,CD_CIDADE,NM_BAIRRO,NM_ZONA_BAIRRO) values ('103','35','Centro',null);
Insert into T_MC_BAIRRO (CD_BAIRRO,CD_CIDADE,NM_BAIRRO,NM_ZONA_BAIRRO) values ('104','35','Centro',null);
Insert into T_MC_BAIRRO (CD_BAIRRO,CD_CIDADE,NM_BAIRRO,NM_ZONA_BAIRRO) values ('105','35','BarroPreto',null);
Insert into T_MC_BAIRRO (CD_BAIRRO,CD_CIDADE,NM_BAIRRO,NM_ZONA_BAIRRO) values ('106','36','Centro',null);
Insert into T_MC_BAIRRO (CD_BAIRRO,CD_CIDADE,NM_BAIRRO,NM_ZONA_BAIRRO) values ('107','36','Centro',null);
Insert into T_MC_BAIRRO (CD_BAIRRO,CD_CIDADE,NM_BAIRRO,NM_ZONA_BAIRRO) values ('108','36','Centro',null);
Insert into T_MC_BAIRRO (CD_BAIRRO,CD_CIDADE,NM_BAIRRO,NM_ZONA_BAIRRO) values ('109','37','Centro',null);
Insert into T_MC_BAIRRO (CD_BAIRRO,CD_CIDADE,NM_BAIRRO,NM_ZONA_BAIRRO) values ('110','37','Eldorado',null);
Insert into T_MC_BAIRRO (CD_BAIRRO,CD_CIDADE,NM_BAIRRO,NM_ZONA_BAIRRO) values ('111','37','Cinco',null);
Insert into T_MC_BAIRRO (CD_BAIRRO,CD_CIDADE,NM_BAIRRO,NM_ZONA_BAIRRO) values ('112','38','Centro',null);
Insert into T_MC_BAIRRO (CD_BAIRRO,CD_CIDADE,NM_BAIRRO,NM_ZONA_BAIRRO) values ('113','38','Centro',null);
Insert into T_MC_BAIRRO (CD_BAIRRO,CD_CIDADE,NM_BAIRRO,NM_ZONA_BAIRRO) values ('114','38','Centro',null);
Insert into T_MC_BAIRRO (CD_BAIRRO,CD_CIDADE,NM_BAIRRO,NM_ZONA_BAIRRO) values ('115','39','Guanabara',null);
Insert into T_MC_BAIRRO (CD_BAIRRO,CD_CIDADE,NM_BAIRRO,NM_ZONA_BAIRRO) values ('116','39','Atalaia',null);
Insert into T_MC_BAIRRO (CD_BAIRRO,CD_CIDADE,NM_BAIRRO,NM_ZONA_BAIRRO) values ('117','39','Coqueiro',null);
Insert into T_MC_BAIRRO (CD_BAIRRO,CD_CIDADE,NM_BAIRRO,NM_ZONA_BAIRRO) values ('118','40','Centro',null);
Insert into T_MC_BAIRRO (CD_BAIRRO,CD_CIDADE,NM_BAIRRO,NM_ZONA_BAIRRO) values ('119','40','Centro',null);
Insert into T_MC_BAIRRO (CD_BAIRRO,CD_CIDADE,NM_BAIRRO,NM_ZONA_BAIRRO) values ('120','40','Centro',null);
Insert into T_MC_BAIRRO (CD_BAIRRO,CD_CIDADE,NM_BAIRRO,NM_ZONA_BAIRRO) values ('121','41','Varadouro',null);
Insert into T_MC_BAIRRO (CD_BAIRRO,CD_CIDADE,NM_BAIRRO,NM_ZONA_BAIRRO) values ('122','41','Centro',null);
Insert into T_MC_BAIRRO (CD_BAIRRO,CD_CIDADE,NM_BAIRRO,NM_ZONA_BAIRRO) values ('123','41','Varadouro',null);
Insert into T_MC_BAIRRO (CD_BAIRRO,CD_CIDADE,NM_BAIRRO,NM_ZONA_BAIRRO) values ('124','42','SãoJosé',null);
Insert into T_MC_BAIRRO (CD_BAIRRO,CD_CIDADE,NM_BAIRRO,NM_ZONA_BAIRRO) values ('125','42','Prata',null);
Insert into T_MC_BAIRRO (CD_BAIRRO,CD_CIDADE,NM_BAIRRO,NM_ZONA_BAIRRO) values ('126','42','MonteSanto',null);
Insert into T_MC_BAIRRO (CD_BAIRRO,CD_CIDADE,NM_BAIRRO,NM_ZONA_BAIRRO) values ('127','43','Centro',null);
Insert into T_MC_BAIRRO (CD_BAIRRO,CD_CIDADE,NM_BAIRRO,NM_ZONA_BAIRRO) values ('128','43','VilaTibiri',null);
Insert into T_MC_BAIRRO (CD_BAIRRO,CD_CIDADE,NM_BAIRRO,NM_ZONA_BAIRRO) values ('129','43','Centro',null);
Insert into T_MC_BAIRRO (CD_BAIRRO,CD_CIDADE,NM_BAIRRO,NM_ZONA_BAIRRO) values ('130','44','Centro',null);
Insert into T_MC_BAIRRO (CD_BAIRRO,CD_CIDADE,NM_BAIRRO,NM_ZONA_BAIRRO) values ('131','44','Rebouças',null);
Insert into T_MC_BAIRRO (CD_BAIRRO,CD_CIDADE,NM_BAIRRO,NM_ZONA_BAIRRO) values ('132','44','Centro',null);
Insert into T_MC_BAIRRO (CD_BAIRRO,CD_CIDADE,NM_BAIRRO,NM_ZONA_BAIRRO) values ('133','45','VilaIpiranga',null);
Insert into T_MC_BAIRRO (CD_BAIRRO,CD_CIDADE,NM_BAIRRO,NM_ZONA_BAIRRO) values ('134','45','Centro',null);
Insert into T_MC_BAIRRO (CD_BAIRRO,CD_CIDADE,NM_BAIRRO,NM_ZONA_BAIRRO) values ('135','45','JardimLondrilar',null);
Insert into T_MC_BAIRRO (CD_BAIRRO,CD_CIDADE,NM_BAIRRO,NM_ZONA_BAIRRO) values ('136','46','Zona01',null);
Insert into T_MC_BAIRRO (CD_BAIRRO,CD_CIDADE,NM_BAIRRO,NM_ZONA_BAIRRO) values ('137','46','Zona02',null);
Insert into T_MC_BAIRRO (CD_BAIRRO,CD_CIDADE,NM_BAIRRO,NM_ZONA_BAIRRO) values ('138','46','LoteamentoMalbec',null);
Insert into T_MC_BAIRRO (CD_BAIRRO,CD_CIDADE,NM_BAIRRO,NM_ZONA_BAIRRO) values ('139','47','SantoAntônio',null);
Insert into T_MC_BAIRRO (CD_BAIRRO,CD_CIDADE,NM_BAIRRO,NM_ZONA_BAIRRO) values ('140','47','SãoJosé',null);
Insert into T_MC_BAIRRO (CD_BAIRRO,CD_CIDADE,NM_BAIRRO,NM_ZONA_BAIRRO) values ('141','47','SantoAntônio',null);
Insert into T_MC_BAIRRO (CD_BAIRRO,CD_CIDADE,NM_BAIRRO,NM_ZONA_BAIRRO) values ('142','48','VistaAlegre',null);
Insert into T_MC_BAIRRO (CD_BAIRRO,CD_CIDADE,NM_BAIRRO,NM_ZONA_BAIRRO) values ('143','48','Bulhões',null);
Insert into T_MC_BAIRRO (CD_BAIRRO,CD_CIDADE,NM_BAIRRO,NM_ZONA_BAIRRO) values ('144','48','VistaAlegre',null);
Insert into T_MC_BAIRRO (CD_BAIRRO,CD_CIDADE,NM_BAIRRO,NM_ZONA_BAIRRO) values ('145','49','SantaTereza',null);
Insert into T_MC_BAIRRO (CD_BAIRRO,CD_CIDADE,NM_BAIRRO,NM_ZONA_BAIRRO) values ('146','49','Varadouro',null);
Insert into T_MC_BAIRRO (CD_BAIRRO,CD_CIDADE,NM_BAIRRO,NM_ZONA_BAIRRO) values ('147','49','SantaTereza',null);
Insert into T_MC_BAIRRO (CD_BAIRRO,CD_CIDADE,NM_BAIRRO,NM_ZONA_BAIRRO) values ('148','50','Centro',null);
Insert into T_MC_BAIRRO (CD_BAIRRO,CD_CIDADE,NM_BAIRRO,NM_ZONA_BAIRRO) values ('149','50','Cabral',null);
Insert into T_MC_BAIRRO (CD_BAIRRO,CD_CIDADE,NM_BAIRRO,NM_ZONA_BAIRRO) values ('150','50','Centro',null);
Insert into T_MC_BAIRRO (CD_BAIRRO,CD_CIDADE,NM_BAIRRO,NM_ZONA_BAIRRO) values ('151','51','NossaSenhoradoCarmo',null);
Insert into T_MC_BAIRRO (CD_BAIRRO,CD_CIDADE,NM_BAIRRO,NM_ZONA_BAIRRO) values ('152','51','Centro',null);
Insert into T_MC_BAIRRO (CD_BAIRRO,CD_CIDADE,NM_BAIRRO,NM_ZONA_BAIRRO) values ('153','51','MendonçaClark',null);
Insert into T_MC_BAIRRO (CD_BAIRRO,CD_CIDADE,NM_BAIRRO,NM_ZONA_BAIRRO) values ('154','52','Centro',null);
Insert into T_MC_BAIRRO (CD_BAIRRO,CD_CIDADE,NM_BAIRRO,NM_ZONA_BAIRRO) values ('155','52','Centro',null);
Insert into T_MC_BAIRRO (CD_BAIRRO,CD_CIDADE,NM_BAIRRO,NM_ZONA_BAIRRO) values ('156','52','Centro',null);
Insert into T_MC_BAIRRO (CD_BAIRRO,CD_CIDADE,NM_BAIRRO,NM_ZONA_BAIRRO) values ('157','53','Centro',null);
Insert into T_MC_BAIRRO (CD_BAIRRO,CD_CIDADE,NM_BAIRRO,NM_ZONA_BAIRRO) values ('158','53','Glória',null);
Insert into T_MC_BAIRRO (CD_BAIRRO,CD_CIDADE,NM_BAIRRO,NM_ZONA_BAIRRO) values ('159','53','Centro',null);
Insert into T_MC_BAIRRO (CD_BAIRRO,CD_CIDADE,NM_BAIRRO,NM_ZONA_BAIRRO) values ('160','54','Centro',null);
Insert into T_MC_BAIRRO (CD_BAIRRO,CD_CIDADE,NM_BAIRRO,NM_ZONA_BAIRRO) values ('161','54','Centro',null);
Insert into T_MC_BAIRRO (CD_BAIRRO,CD_CIDADE,NM_BAIRRO,NM_ZONA_BAIRRO) values ('162','54','Centro',null);
Insert into T_MC_BAIRRO (CD_BAIRRO,CD_CIDADE,NM_BAIRRO,NM_ZONA_BAIRRO) values ('163','55','EngenhodoPorto',null);
Insert into T_MC_BAIRRO (CD_BAIRRO,CD_CIDADE,NM_BAIRRO,NM_ZONA_BAIRRO) values ('164','55','Centro',null);
Insert into T_MC_BAIRRO (CD_BAIRRO,CD_CIDADE,NM_BAIRRO,NM_ZONA_BAIRRO) values ('165','55','ParqueLagunaeDourados',null);
Insert into T_MC_BAIRRO (CD_BAIRRO,CD_CIDADE,NM_BAIRRO,NM_ZONA_BAIRRO) values ('166','56','PraiadoMeio',null);
Insert into T_MC_BAIRRO (CD_BAIRRO,CD_CIDADE,NM_BAIRRO,NM_ZONA_BAIRRO) values ('167','56','Rocas',null);
Insert into T_MC_BAIRRO (CD_BAIRRO,CD_CIDADE,NM_BAIRRO,NM_ZONA_BAIRRO) values ('168','56','PraiadoMeio',null);
Insert into T_MC_BAIRRO (CD_BAIRRO,CD_CIDADE,NM_BAIRRO,NM_ZONA_BAIRRO) values ('169','57','Centro',null);
Insert into T_MC_BAIRRO (CD_BAIRRO,CD_CIDADE,NM_BAIRRO,NM_ZONA_BAIRRO) values ('170','57','AltodaConceição',null);
Insert into T_MC_BAIRRO (CD_BAIRRO,CD_CIDADE,NM_BAIRRO,NM_ZONA_BAIRRO) values ('171','57','BeloHorizonte',null);
Insert into T_MC_BAIRRO (CD_BAIRRO,CD_CIDADE,NM_BAIRRO,NM_ZONA_BAIRRO) values ('172','58','Base',null);
Insert into T_MC_BAIRRO (CD_BAIRRO,CD_CIDADE,NM_BAIRRO,NM_ZONA_BAIRRO) values ('173','58','Centro',null);
Insert into T_MC_BAIRRO (CD_BAIRRO,CD_CIDADE,NM_BAIRRO,NM_ZONA_BAIRRO) values ('174','58','NovaParnamirim',null);
Insert into T_MC_BAIRRO (CD_BAIRRO,CD_CIDADE,NM_BAIRRO,NM_ZONA_BAIRRO) values ('175','59','CentroHistórico',null);
Insert into T_MC_BAIRRO (CD_BAIRRO,CD_CIDADE,NM_BAIRRO,NM_ZONA_BAIRRO) values ('176','59','PraiadeBelas',null);
Insert into T_MC_BAIRRO (CD_BAIRRO,CD_CIDADE,NM_BAIRRO,NM_ZONA_BAIRRO) values ('177','59','CentroHistórico',null);
Insert into T_MC_BAIRRO (CD_BAIRRO,CD_CIDADE,NM_BAIRRO,NM_ZONA_BAIRRO) values ('178','60','Centro',null);
Insert into T_MC_BAIRRO (CD_BAIRRO,CD_CIDADE,NM_BAIRRO,NM_ZONA_BAIRRO) values ('179','60','SãoPelegrino',null);
Insert into T_MC_BAIRRO (CD_BAIRRO,CD_CIDADE,NM_BAIRRO,NM_ZONA_BAIRRO) values ('180','60','RioBranco',null);
Insert into T_MC_BAIRRO (CD_BAIRRO,CD_CIDADE,NM_BAIRRO,NM_ZONA_BAIRRO) values ('181','61','Centro',null);
Insert into T_MC_BAIRRO (CD_BAIRRO,CD_CIDADE,NM_BAIRRO,NM_ZONA_BAIRRO) values ('182','61','MarechalRondon',null);
Insert into T_MC_BAIRRO (CD_BAIRRO,CD_CIDADE,NM_BAIRRO,NM_ZONA_BAIRRO) values ('183','61','NossaSenhoradasGraças',null);
Insert into T_MC_BAIRRO (CD_BAIRRO,CD_CIDADE,NM_BAIRRO,NM_ZONA_BAIRRO) values ('184','62','Centro',null);
Insert into T_MC_BAIRRO (CD_BAIRRO,CD_CIDADE,NM_BAIRRO,NM_ZONA_BAIRRO) values ('185','62','Caiari',null);
Insert into T_MC_BAIRRO (CD_BAIRRO,CD_CIDADE,NM_BAIRRO,NM_ZONA_BAIRRO) values ('186','62','Arigolândia',null);
Insert into T_MC_BAIRRO (CD_BAIRRO,CD_CIDADE,NM_BAIRRO,NM_ZONA_BAIRRO) values ('187','63','CidadeNova',null);
Insert into T_MC_BAIRRO (CD_BAIRRO,CD_CIDADE,NM_BAIRRO,NM_ZONA_BAIRRO) values ('188','63','Centro',null);
Insert into T_MC_BAIRRO (CD_BAIRRO,CD_CIDADE,NM_BAIRRO,NM_ZONA_BAIRRO) values ('189','63','Comercial',null);
Insert into T_MC_BAIRRO (CD_BAIRRO,CD_CIDADE,NM_BAIRRO,NM_ZONA_BAIRRO) values ('190','64','Centro',null);
Insert into T_MC_BAIRRO (CD_BAIRRO,CD_CIDADE,NM_BAIRRO,NM_ZONA_BAIRRO) values ('191','64','Centro',null);
Insert into T_MC_BAIRRO (CD_BAIRRO,CD_CIDADE,NM_BAIRRO,NM_ZONA_BAIRRO) values ('192','64','Centro',null);
Insert into T_MC_BAIRRO (CD_BAIRRO,CD_CIDADE,NM_BAIRRO,NM_ZONA_BAIRRO) values ('193','65','AreaVelha',null);
Insert into T_MC_BAIRRO (CD_BAIRRO,CD_CIDADE,NM_BAIRRO,NM_ZONA_BAIRRO) values ('194','65','Centro',null);
Insert into T_MC_BAIRRO (CD_BAIRRO,CD_CIDADE,NM_BAIRRO,NM_ZONA_BAIRRO) values ('195','65','Centro',null);
Insert into T_MC_BAIRRO (CD_BAIRRO,CD_CIDADE,NM_BAIRRO,NM_ZONA_BAIRRO) values ('196','66','Base',null);
Insert into T_MC_BAIRRO (CD_BAIRRO,CD_CIDADE,NM_BAIRRO,NM_ZONA_BAIRRO) values ('197','66','Centro',null);
Insert into T_MC_BAIRRO (CD_BAIRRO,CD_CIDADE,NM_BAIRRO,NM_ZONA_BAIRRO) values ('198','66','Centro',null);
Insert into T_MC_BAIRRO (CD_BAIRRO,CD_CIDADE,NM_BAIRRO,NM_ZONA_BAIRRO) values ('199','67','Centro',null);
Insert into T_MC_BAIRRO (CD_BAIRRO,CD_CIDADE,NM_BAIRRO,NM_ZONA_BAIRRO) values ('200','67','Centro',null);
Insert into T_MC_BAIRRO (CD_BAIRRO,CD_CIDADE,NM_BAIRRO,NM_ZONA_BAIRRO) values ('201','67','Centro',null);
Insert into T_MC_BAIRRO (CD_BAIRRO,CD_CIDADE,NM_BAIRRO,NM_ZONA_BAIRRO) values ('202','68','CidadeNova',null);
Insert into T_MC_BAIRRO (CD_BAIRRO,CD_CIDADE,NM_BAIRRO,NM_ZONA_BAIRRO) values ('203','68','Base',null);
Insert into T_MC_BAIRRO (CD_BAIRRO,CD_CIDADE,NM_BAIRRO,NM_ZONA_BAIRRO) values ('204','68','Zona1',null);
Insert into T_MC_BAIRRO (CD_BAIRRO,CD_CIDADE,NM_BAIRRO,NM_ZONA_BAIRRO) values ('205','69','Zona2',null);
Insert into T_MC_BAIRRO (CD_BAIRRO,CD_CIDADE,NM_BAIRRO,NM_ZONA_BAIRRO) values ('206','69','Centro',null);
Insert into T_MC_BAIRRO (CD_BAIRRO,CD_CIDADE,NM_BAIRRO,NM_ZONA_BAIRRO) values ('207','69','CidadeVelha',null);
Insert into T_MC_BAIRRO (CD_BAIRRO,CD_CIDADE,NM_BAIRRO,NM_ZONA_BAIRRO) values ('208','70','CidadeNova',null);
Insert into T_MC_BAIRRO (CD_BAIRRO,CD_CIDADE,NM_BAIRRO,NM_ZONA_BAIRRO) values ('209','70','Base',null);
Insert into T_MC_BAIRRO (CD_BAIRRO,CD_CIDADE,NM_BAIRRO,NM_ZONA_BAIRRO) values ('210','70','Zona1',null);
Insert into T_MC_BAIRRO (CD_BAIRRO,CD_CIDADE,NM_BAIRRO,NM_ZONA_BAIRRO) values ('211','71','Zona2',null);
Insert into T_MC_BAIRRO (CD_BAIRRO,CD_CIDADE,NM_BAIRRO,NM_ZONA_BAIRRO) values ('212','71','Centro',null);
Insert into T_MC_BAIRRO (CD_BAIRRO,CD_CIDADE,NM_BAIRRO,NM_ZONA_BAIRRO) values ('213','71','CidadeVelha',null);
Insert into T_MC_BAIRRO (CD_BAIRRO,CD_CIDADE,NM_BAIRRO,NM_ZONA_BAIRRO) values ('214','72','CidadeNova',null);
Insert into T_MC_BAIRRO (CD_BAIRRO,CD_CIDADE,NM_BAIRRO,NM_ZONA_BAIRRO) values ('215','72','Base',null);
Insert into T_MC_BAIRRO (CD_BAIRRO,CD_CIDADE,NM_BAIRRO,NM_ZONA_BAIRRO) values ('216','72','Zona1',null);
Insert into T_MC_BAIRRO (CD_BAIRRO,CD_CIDADE,NM_BAIRRO,NM_ZONA_BAIRRO) values ('217','73','Zona2',null);
Insert into T_MC_BAIRRO (CD_BAIRRO,CD_CIDADE,NM_BAIRRO,NM_ZONA_BAIRRO) values ('218','73','Centro',null);
Insert into T_MC_BAIRRO (CD_BAIRRO,CD_CIDADE,NM_BAIRRO,NM_ZONA_BAIRRO) values ('219','73','CidadeVelha',null);
Insert into T_MC_BAIRRO (CD_BAIRRO,CD_CIDADE,NM_BAIRRO,NM_ZONA_BAIRRO) values ('220','74','CidadeNova',null);
Insert into T_MC_BAIRRO (CD_BAIRRO,CD_CIDADE,NM_BAIRRO,NM_ZONA_BAIRRO) values ('221','74','Base',null);
Insert into T_MC_BAIRRO (CD_BAIRRO,CD_CIDADE,NM_BAIRRO,NM_ZONA_BAIRRO) values ('222','74','Zona1',null);
Insert into T_MC_BAIRRO (CD_BAIRRO,CD_CIDADE,NM_BAIRRO,NM_ZONA_BAIRRO) values ('223','75','Zona2',null);
Insert into T_MC_BAIRRO (CD_BAIRRO,CD_CIDADE,NM_BAIRRO,NM_ZONA_BAIRRO) values ('224','75','Centro',null);
Insert into T_MC_BAIRRO (CD_BAIRRO,CD_CIDADE,NM_BAIRRO,NM_ZONA_BAIRRO) values ('225','75','CidadeVelha',null);
Insert into T_MC_BAIRRO (CD_BAIRRO,CD_CIDADE,NM_BAIRRO,NM_ZONA_BAIRRO) values ('226','76','CidadeNova',null);
Insert into T_MC_BAIRRO (CD_BAIRRO,CD_CIDADE,NM_BAIRRO,NM_ZONA_BAIRRO) values ('227','76','Base',null);
Insert into T_MC_BAIRRO (CD_BAIRRO,CD_CIDADE,NM_BAIRRO,NM_ZONA_BAIRRO) values ('228','76','Zona1',null);
Insert into T_MC_BAIRRO (CD_BAIRRO,CD_CIDADE,NM_BAIRRO,NM_ZONA_BAIRRO) values ('229','77','Zona2',null);
Insert into T_MC_BAIRRO (CD_BAIRRO,CD_CIDADE,NM_BAIRRO,NM_ZONA_BAIRRO) values ('230','77','Centro',null);
Insert into T_MC_BAIRRO (CD_BAIRRO,CD_CIDADE,NM_BAIRRO,NM_ZONA_BAIRRO) values ('231','77','CidadeVelha',null);
Insert into T_MC_BAIRRO (CD_BAIRRO,CD_CIDADE,NM_BAIRRO,NM_ZONA_BAIRRO) values ('232','78','CidadeNova',null);
Insert into T_MC_BAIRRO (CD_BAIRRO,CD_CIDADE,NM_BAIRRO,NM_ZONA_BAIRRO) values ('233','78','Base',null);
Insert into T_MC_BAIRRO (CD_BAIRRO,CD_CIDADE,NM_BAIRRO,NM_ZONA_BAIRRO) values ('234','78','Zona1',null);
Insert into T_MC_BAIRRO (CD_BAIRRO,CD_CIDADE,NM_BAIRRO,NM_ZONA_BAIRRO) values ('235','79','Zona2',null);
Insert into T_MC_BAIRRO (CD_BAIRRO,CD_CIDADE,NM_BAIRRO,NM_ZONA_BAIRRO) values ('236','79','Centro',null);
Insert into T_MC_BAIRRO (CD_BAIRRO,CD_CIDADE,NM_BAIRRO,NM_ZONA_BAIRRO) values ('237','79','CidadeVelha',null);

Insert into T_MC_LOGRADOURO (CD_LOGRADOURO,CD_BAIRRO,NM_LOGRADOURO,NR_CEP) values ('1','1','Avenida Epaminondas Jácome - de 3121 ao fim - lado ímpar','69900028');
Insert into T_MC_LOGRADOURO (CD_LOGRADOURO,CD_BAIRRO,NM_LOGRADOURO,NR_CEP) values ('2','2','Avenida Epaminondas Jácome - de 2375 a 3119 - lado ímpar','69900050');
Insert into T_MC_LOGRADOURO (CD_LOGRADOURO,CD_BAIRRO,NM_LOGRADOURO,NR_CEP) values ('3','3','Avenida dos Expedicionários - de 1902/1903 ao fim','69900129');
Insert into T_MC_LOGRADOURO (CD_LOGRADOURO,CD_BAIRRO,NM_LOGRADOURO,NR_CEP) values ('4','4','Rua Rego Barros, 73','69980000');
Insert into T_MC_LOGRADOURO (CD_LOGRADOURO,CD_BAIRRO,NM_LOGRADOURO,NR_CEP) values ('5','5','Rua Ruth Roxo Almeida Souza','69980970');
Insert into T_MC_LOGRADOURO (CD_LOGRADOURO,CD_BAIRRO,NM_LOGRADOURO,NR_CEP) values ('6','6','Praça Doutor Gilson Viana, s/n ','69980971');
Insert into T_MC_LOGRADOURO (CD_LOGRADOURO,CD_BAIRRO,NM_LOGRADOURO,NR_CEP) values ('7','7','Alameda C-6 (Bela Vista Lobato)','69940000');
Insert into T_MC_LOGRADOURO (CD_LOGRADOURO,CD_BAIRRO,NM_LOGRADOURO,NR_CEP) values ('8','8','Travessa Sargento Camargo','69940970');
Insert into T_MC_LOGRADOURO (CD_LOGRADOURO,CD_BAIRRO,NM_LOGRADOURO,NR_CEP) values ('9','9','Avenida Presidente Vargas','83825893');
Insert into T_MC_LOGRADOURO (CD_LOGRADOURO,CD_BAIRRO,NM_LOGRADOURO,NR_CEP) values ('10','10','RUA SANTA LUZIA','47447009');
Insert into T_MC_LOGRADOURO (CD_LOGRADOURO,CD_BAIRRO,NM_LOGRADOURO,NR_CEP) values ('11','11','Travessa Ernani da Silva Bruno','33479655');
Insert into T_MC_LOGRADOURO (CD_LOGRADOURO,CD_BAIRRO,NM_LOGRADOURO,NR_CEP) values ('12','12','Avenida das Nações Unidas, 7123 ','87820592');
Insert into T_MC_LOGRADOURO (CD_LOGRADOURO,CD_BAIRRO,NM_LOGRADOURO,NR_CEP) values ('13','13','1ª Travessa Doutor Joaquim Nabuco','57301060');
Insert into T_MC_LOGRADOURO (CD_LOGRADOURO,CD_BAIRRO,NM_LOGRADOURO,NR_CEP) values ('14','14','Rua Estudante José de Oliveira Leite - de 1420/1421 a 1801/1802','57301361');
Insert into T_MC_LOGRADOURO (CD_LOGRADOURO,CD_BAIRRO,NM_LOGRADOURO,NR_CEP) values ('15','15','Praça Sussumo Nogushi','57310100');
Insert into T_MC_LOGRADOURO (CD_LOGRADOURO,CD_BAIRRO,NM_LOGRADOURO,NR_CEP) values ('16','16','Rua Doutor Aluísio Fagundes','57100000');
Insert into T_MC_LOGRADOURO (CD_LOGRADOURO,CD_BAIRRO,NM_LOGRADOURO,NR_CEP) values ('17','17','Rua Dom João Peres de Aboim','57100970');
Insert into T_MC_LOGRADOURO (CD_LOGRADOURO,CD_BAIRRO,NM_LOGRADOURO,NR_CEP) values ('18','18','Aeroporto Internacional Zumbi dos Palmares ','57100971');
Insert into T_MC_LOGRADOURO (CD_LOGRADOURO,CD_BAIRRO,NM_LOGRADOURO,NR_CEP) values ('19','19','Via de Pedestre Alfonso Ferrer','40230372');
Insert into T_MC_LOGRADOURO (CD_LOGRADOURO,CD_BAIRRO,NM_LOGRADOURO,NR_CEP) values ('20','20','RUA HAMILTON SILVA ','89494846');
Insert into T_MC_LOGRADOURO (CD_LOGRADOURO,CD_BAIRRO,NM_LOGRADOURO,NR_CEP) values ('21','21','Rua Nisal','23908770');
Insert into T_MC_LOGRADOURO (CD_LOGRADOURO,CD_BAIRRO,NM_LOGRADOURO,NR_CEP) values ('22','22','R. Sete de Setembro','47700000');
Insert into T_MC_LOGRADOURO (CD_LOGRADOURO,CD_BAIRRO,NM_LOGRADOURO,NR_CEP) values ('23','23','Rua Estanislau Traple','47700970');
Insert into T_MC_LOGRADOURO (CD_LOGRADOURO,CD_BAIRRO,NM_LOGRADOURO,NR_CEP) values ('24','24','Rua Pedro Pereira','68925001');
Insert into T_MC_LOGRADOURO (CD_LOGRADOURO,CD_BAIRRO,NM_LOGRADOURO,NR_CEP) values ('25','25','Avenida Paulista, 2313 ','68920000');
Insert into T_MC_LOGRADOURO (CD_LOGRADOURO,CD_BAIRRO,NM_LOGRADOURO,NR_CEP) values ('26','26','Rua Piqueri','68920970');
Insert into T_MC_LOGRADOURO (CD_LOGRADOURO,CD_BAIRRO,NM_LOGRADOURO,NR_CEP) values ('27','27','RUA TANCREDO NEVES','43730995');
Insert into T_MC_LOGRADOURO (CD_LOGRADOURO,CD_BAIRRO,NM_LOGRADOURO,NR_CEP) values ('28','28','Margem Esquerda do Rio Amazonas','69001009');
Insert into T_MC_LOGRADOURO (CD_LOGRADOURO,CD_BAIRRO,NM_LOGRADOURO,NR_CEP) values ('29','29','Rua Érico Coelho','69001019');
Insert into T_MC_LOGRADOURO (CD_LOGRADOURO,CD_BAIRRO,NM_LOGRADOURO,NR_CEP) values ('30','30','Rua Cecília Iter','69002900');
Insert into T_MC_LOGRADOURO (CD_LOGRADOURO,CD_BAIRRO,NM_LOGRADOURO,NR_CEP) values ('31','31','Rua Paranapanema (Prq Bandeirantes)','69150990');
Insert into T_MC_LOGRADOURO (CD_LOGRADOURO,CD_BAIRRO,NM_LOGRADOURO,NR_CEP) values ('32','32','Avenida Amazonas','69151000');
Insert into T_MC_LOGRADOURO (CD_LOGRADOURO,CD_BAIRRO,NM_LOGRADOURO,NR_CEP) values ('33','33','Rua Vereador José de Oliveira','69151410');
Insert into T_MC_LOGRADOURO (CD_LOGRADOURO,CD_BAIRRO,NM_LOGRADOURO,NR_CEP) values ('34','34','Avenida Eduardo de Castilho - de 1652/1653 ao fim','69100003');
Insert into T_MC_LOGRADOURO (CD_LOGRADOURO,CD_BAIRRO,NM_LOGRADOURO,NR_CEP) values ('35','35','Rua Frieda','69100110');
Insert into T_MC_LOGRADOURO (CD_LOGRADOURO,CD_BAIRRO,NM_LOGRADOURO,NR_CEP) values ('36','36','Rua Álvaro França - até 1119/1120','69100170');
Insert into T_MC_LOGRADOURO (CD_LOGRADOURO,CD_BAIRRO,NM_LOGRADOURO,NR_CEP) values ('37','37','Rua Santana, s/n - Ilha de Maré ','40000990');
Insert into T_MC_LOGRADOURO (CD_LOGRADOURO,CD_BAIRRO,NM_LOGRADOURO,NR_CEP) values ('38','38','Rua Salvador','40010000');
Insert into T_MC_LOGRADOURO (CD_LOGRADOURO,CD_BAIRRO,NM_LOGRADOURO,NR_CEP) values ('39','39','Rua Juraci Artacho','40020000');
Insert into T_MC_LOGRADOURO (CD_LOGRADOURO,CD_BAIRRO,NM_LOGRADOURO,NR_CEP) values ('40','40','Rua Carlos Pacheco Ávila','44001008');
Insert into T_MC_LOGRADOURO (CD_LOGRADOURO,CD_BAIRRO,NM_LOGRADOURO,NR_CEP) values ('41','41','Rua Comandante Almiro - de 1010/1011 a 1435/1436','44003078');
Insert into T_MC_LOGRADOURO (CD_LOGRADOURO,CD_BAIRRO,NM_LOGRADOURO,NR_CEP) values ('42','42','Rua Palmira Gonçalves Maia','44003456');
Insert into T_MC_LOGRADOURO (CD_LOGRADOURO,CD_BAIRRO,NM_LOGRADOURO,NR_CEP) values ('43','43','Rua Topázio Amarelo','68387862');
Insert into T_MC_LOGRADOURO (CD_LOGRADOURO,CD_BAIRRO,NM_LOGRADOURO,NR_CEP) values ('44','44','Rua Coronel Celso Guilherme de Souza - até 620/621','66427175');
Insert into T_MC_LOGRADOURO (CD_LOGRADOURO,CD_BAIRRO,NM_LOGRADOURO,NR_CEP) values ('45','45','RUA Q (NENZINHA SANTOS II)','43255526');
Insert into T_MC_LOGRADOURO (CD_LOGRADOURO,CD_BAIRRO,NM_LOGRADOURO,NR_CEP) values ('46','46','Avenida Presidente Castelo Branco - até 1999/2000','60010000');
Insert into T_MC_LOGRADOURO (CD_LOGRADOURO,CD_BAIRRO,NM_LOGRADOURO,NR_CEP) values ('47','47','Rua Quatro','60010240');
Insert into T_MC_LOGRADOURO (CD_LOGRADOURO,CD_BAIRRO,NM_LOGRADOURO,NR_CEP) values ('48','48','Travessa Maria Augusta Malta','60010280');
Insert into T_MC_LOGRADOURO (CD_LOGRADOURO,CD_BAIRRO,NM_LOGRADOURO,NR_CEP) values ('49','49','Rua Hortêncio Tibúrcio da Silva','61600004');
Insert into T_MC_LOGRADOURO (CD_LOGRADOURO,CD_BAIRRO,NM_LOGRADOURO,NR_CEP) values ('50','50','Rua Joaquim Mota','61600210');
Insert into T_MC_LOGRADOURO (CD_LOGRADOURO,CD_BAIRRO,NM_LOGRADOURO,NR_CEP) values ('51','51','Avenida Paquistão','61600340');
Insert into T_MC_LOGRADOURO (CD_LOGRADOURO,CD_BAIRRO,NM_LOGRADOURO,NR_CEP) values ('52','52','Rua Cartola','63010000');
Insert into T_MC_LOGRADOURO (CD_LOGRADOURO,CD_BAIRRO,NM_LOGRADOURO,NR_CEP) values ('53','53','Rua Léo Delibes','63010240');
Insert into T_MC_LOGRADOURO (CD_LOGRADOURO,CD_BAIRRO,NM_LOGRADOURO,NR_CEP) values ('54','54','Avenida Prefeito Carlos Cruz - lado ímpar','63010455');
Insert into T_MC_LOGRADOURO (CD_LOGRADOURO,CD_BAIRRO,NM_LOGRADOURO,NR_CEP) values ('55','55','SBN Quadra 1 Bloco A ','70002900');
Insert into T_MC_LOGRADOURO (CD_LOGRADOURO,CD_BAIRRO,NM_LOGRADOURO,NR_CEP) values ('56','56','Rua José Spinelli','70037900');
Insert into T_MC_LOGRADOURO (CD_LOGRADOURO,CD_BAIRRO,NM_LOGRADOURO,NR_CEP) values ('57','57','Praça Padre do Christophe Six','70040010');
Insert into T_MC_LOGRADOURO (CD_LOGRADOURO,CD_BAIRRO,NM_LOGRADOURO,NR_CEP) values ('58','58','Rua Argentina','29160970');
Insert into T_MC_LOGRADOURO (CD_LOGRADOURO,CD_BAIRRO,NM_LOGRADOURO,NR_CEP) values ('59','59','Rodovia Governador Mário Covas, 3979 ','29161901');
Insert into T_MC_LOGRADOURO (CD_LOGRADOURO,CD_BAIRRO,NM_LOGRADOURO,NR_CEP) values ('60','60','Rua Presidente Artur Bernardes','29165970');
Insert into T_MC_LOGRADOURO (CD_LOGRADOURO,CD_BAIRRO,NM_LOGRADOURO,NR_CEP) values ('61','61','RUA SÃO PAULO','81109568');
Insert into T_MC_LOGRADOURO (CD_LOGRADOURO,CD_BAIRRO,NM_LOGRADOURO,NR_CEP) values ('62','62','Rua Ciro Gomes de Moraes','84635795');
Insert into T_MC_LOGRADOURO (CD_LOGRADOURO,CD_BAIRRO,NM_LOGRADOURO,NR_CEP) values ('63','63','Rua Careiro','50302698');
Insert into T_MC_LOGRADOURO (CD_LOGRADOURO,CD_BAIRRO,NM_LOGRADOURO,NR_CEP) values ('64','64','Rua Maria Mercedes Bittencourt','29145901');
Insert into T_MC_LOGRADOURO (CD_LOGRADOURO,CD_BAIRRO,NM_LOGRADOURO,NR_CEP) values ('65','65','Rua Walfrido de Grammont','29145910');
Insert into T_MC_LOGRADOURO (CD_LOGRADOURO,CD_BAIRRO,NM_LOGRADOURO,NR_CEP) values ('66','66','Avenida Mário Gurgel, 4066 ','29147970');
Insert into T_MC_LOGRADOURO (CD_LOGRADOURO,CD_BAIRRO,NM_LOGRADOURO,NR_CEP) values ('67','67','RUA SH6','11000611');
Insert into T_MC_LOGRADOURO (CD_LOGRADOURO,CD_BAIRRO,NM_LOGRADOURO,NR_CEP) values ('68','68','Rua José Maria de Oliveira Lima','54727435');
Insert into T_MC_LOGRADOURO (CD_LOGRADOURO,CD_BAIRRO,NM_LOGRADOURO,NR_CEP) values ('69','69','Avenida Brigadeiro Faria Lima, 2894 ','64706955');
Insert into T_MC_LOGRADOURO (CD_LOGRADOURO,CD_BAIRRO,NM_LOGRADOURO,NR_CEP) values ('70','70','Rua Jerônimo de Souza Lobo','33292894');
Insert into T_MC_LOGRADOURO (CD_LOGRADOURO,CD_BAIRRO,NM_LOGRADOURO,NR_CEP) values ('71','71','RUA TANGARÁ','70021006');
Insert into T_MC_LOGRADOURO (CD_LOGRADOURO,CD_BAIRRO,NM_LOGRADOURO,NR_CEP) values ('72','72','Rua Nair Maganha Alexandre - até 99998/99999','66361983');
Insert into T_MC_LOGRADOURO (CD_LOGRADOURO,CD_BAIRRO,NM_LOGRADOURO,NR_CEP) values ('73','73','Rua Florêncio de Abreu, 157 ','75020000');
Insert into T_MC_LOGRADOURO (CD_LOGRADOURO,CD_BAIRRO,NM_LOGRADOURO,NR_CEP) values ('74','74','Alameda Santos - de 1498 a 2152 - lado par','75040030');
Insert into T_MC_LOGRADOURO (CD_LOGRADOURO,CD_BAIRRO,NM_LOGRADOURO,NR_CEP) values ('75','75','Rua Benjamin Constant - até 1089/1090','75043010');
Insert into T_MC_LOGRADOURO (CD_LOGRADOURO,CD_BAIRRO,NM_LOGRADOURO,NR_CEP) values ('76','76','EPTG QE 1 Bloco B-14','65002900');
Insert into T_MC_LOGRADOURO (CD_LOGRADOURO,CD_BAIRRO,NM_LOGRADOURO,NR_CEP) values ('77','77','Avenida Senador Vitorino Freire, s/n ','65010917');
Insert into T_MC_LOGRADOURO (CD_LOGRADOURO,CD_BAIRRO,NM_LOGRADOURO,NR_CEP) values ('78','78','Caminho dos Guarás','65010970');
Insert into T_MC_LOGRADOURO (CD_LOGRADOURO,CD_BAIRRO,NM_LOGRADOURO,NR_CEP) values ('79','79','Avenida Getúlio Vargas - até 403/0404','65900120');
Insert into T_MC_LOGRADOURO (CD_LOGRADOURO,CD_BAIRRO,NM_LOGRADOURO,NR_CEP) values ('80','80','Avenida Vereador José Donatto, 567 ','65900210');
Insert into T_MC_LOGRADOURO (CD_LOGRADOURO,CD_BAIRRO,NM_LOGRADOURO,NR_CEP) values ('81','81','Rua I','65901050');
Insert into T_MC_LOGRADOURO (CD_LOGRADOURO,CD_BAIRRO,NM_LOGRADOURO,NR_CEP) values ('82','82','Rua Flor do caqui','29323816');
Insert into T_MC_LOGRADOURO (CD_LOGRADOURO,CD_BAIRRO,NM_LOGRADOURO,NR_CEP) values ('83','83','Alameda das Madressilvas','81093849');
Insert into T_MC_LOGRADOURO (CD_LOGRADOURO,CD_BAIRRO,NM_LOGRADOURO,NR_CEP) values ('84','84','Rua do Canavial','72955914');
Insert into T_MC_LOGRADOURO (CD_LOGRADOURO,CD_BAIRRO,NM_LOGRADOURO,NR_CEP) values ('85','85','Avenida Galeão Coutinho','78005000');
Insert into T_MC_LOGRADOURO (CD_LOGRADOURO,CD_BAIRRO,NM_LOGRADOURO,NR_CEP) values ('86','86','Avenida Marechal Deodoro - até 947 - lado ímpar','78005505');
Insert into T_MC_LOGRADOURO (CD_LOGRADOURO,CD_BAIRRO,NM_LOGRADOURO,NR_CEP) values ('87','87','Rua Alcino Vicente Leal','78005805');
Insert into T_MC_LOGRADOURO (CD_LOGRADOURO,CD_BAIRRO,NM_LOGRADOURO,NR_CEP) values ('88','88','Doze de Outubro','64525000');
Insert into T_MC_LOGRADOURO (CD_LOGRADOURO,CD_BAIRRO,NM_LOGRADOURO,NR_CEP) values ('89','89','Rua João Lino da Silva','64525970');
Insert into T_MC_LOGRADOURO (CD_LOGRADOURO,CD_BAIRRO,NM_LOGRADOURO,NR_CEP) values ('90','90','Rua Oduvaldo Viana','78110002');
Insert into T_MC_LOGRADOURO (CD_LOGRADOURO,CD_BAIRRO,NM_LOGRADOURO,NR_CEP) values ('91','91','Avenida M 27 - de 1500/1501 a 1998/1999','78700002');
Insert into T_MC_LOGRADOURO (CD_LOGRADOURO,CD_BAIRRO,NM_LOGRADOURO,NR_CEP) values ('92','92','Rua Artur Stickel','78700010');
Insert into T_MC_LOGRADOURO (CD_LOGRADOURO,CD_BAIRRO,NM_LOGRADOURO,NR_CEP) values ('93','93','Avenida Marechal Rondon','78700401');
Insert into T_MC_LOGRADOURO (CD_LOGRADOURO,CD_BAIRRO,NM_LOGRADOURO,NR_CEP) values ('94','94','RUA JÚLIO ESTEVES','92520688');
Insert into T_MC_LOGRADOURO (CD_LOGRADOURO,CD_BAIRRO,NM_LOGRADOURO,NR_CEP) values ('95','95','Rua Consaci','32291305');
Insert into T_MC_LOGRADOURO (CD_LOGRADOURO,CD_BAIRRO,NM_LOGRADOURO,NR_CEP) values ('96','96','Rua Desembargador Lauro de Souza Alves','57824425');
Insert into T_MC_LOGRADOURO (CD_LOGRADOURO,CD_BAIRRO,NM_LOGRADOURO,NR_CEP) values ('97','97','Viela Pico da Bandeira','79800002');
Insert into T_MC_LOGRADOURO (CD_LOGRADOURO,CD_BAIRRO,NM_LOGRADOURO,NR_CEP) values ('98','98','Rua Melvin Jones - até 987/0988','79803010');
Insert into T_MC_LOGRADOURO (CD_LOGRADOURO,CD_BAIRRO,NM_LOGRADOURO,NR_CEP) values ('99','99','Rua Olímpio da Silva','79805010');
Insert into T_MC_LOGRADOURO (CD_LOGRADOURO,CD_BAIRRO,NM_LOGRADOURO,NR_CEP) values ('100','100','Rua Luís Mariani (Vl F N Morelli)','85123630');
Insert into T_MC_LOGRADOURO (CD_LOGRADOURO,CD_BAIRRO,NM_LOGRADOURO,NR_CEP) values ('101','101','Avenida Nossa Senhora do Sabará, 400 ','69753082');
Insert into T_MC_LOGRADOURO (CD_LOGRADOURO,CD_BAIRRO,NM_LOGRADOURO,NR_CEP) values ('102','102','RUA GRÉCIA','59795314');
Insert into T_MC_LOGRADOURO (CD_LOGRADOURO,CD_BAIRRO,NM_LOGRADOURO,NR_CEP) values ('103','103','Rua João Domiciliano dos Santos','30001970');
Insert into T_MC_LOGRADOURO (CD_LOGRADOURO,CD_BAIRRO,NM_LOGRADOURO,NR_CEP) values ('104','104','Minas Nota 10','30010960');
Insert into T_MC_LOGRADOURO (CD_LOGRADOURO,CD_BAIRRO,NM_LOGRADOURO,NR_CEP) values ('105','105','Rua Olímpia','30100939');
Insert into T_MC_LOGRADOURO (CD_LOGRADOURO,CD_BAIRRO,NM_LOGRADOURO,NR_CEP) values ('106','106','RUA PROFESSORA MARIA CÉLIA CENCE','33182941');
Insert into T_MC_LOGRADOURO (CD_LOGRADOURO,CD_BAIRRO,NM_LOGRADOURO,NR_CEP) values ('107','107','Rua Guaiçara','81953344');
Insert into T_MC_LOGRADOURO (CD_LOGRADOURO,CD_BAIRRO,NM_LOGRADOURO,NR_CEP) values ('108','108','Rua Balbina Hares','19370412');
Insert into T_MC_LOGRADOURO (CD_LOGRADOURO,CD_BAIRRO,NM_LOGRADOURO,NR_CEP) values ('109','109','Rua José de Castro Lima Filho','32001970');
Insert into T_MC_LOGRADOURO (CD_LOGRADOURO,CD_BAIRRO,NM_LOGRADOURO,NR_CEP) values ('110','110','Rua Comandante Ari Parreiras - lado ímpar','32010000');
Insert into T_MC_LOGRADOURO (CD_LOGRADOURO,CD_BAIRRO,NM_LOGRADOURO,NR_CEP) values ('111','111','Avenida Sócrates Mariani Bittencourt','32010010');
Insert into T_MC_LOGRADOURO (CD_LOGRADOURO,CD_BAIRRO,NM_LOGRADOURO,NR_CEP) values ('112','112','PASSAGEM LÍRIO DO VALE','54412368');
Insert into T_MC_LOGRADOURO (CD_LOGRADOURO,CD_BAIRRO,NM_LOGRADOURO,NR_CEP) values ('113','113','Avenida dos Patos','74866768');
Insert into T_MC_LOGRADOURO (CD_LOGRADOURO,CD_BAIRRO,NM_LOGRADOURO,NR_CEP) values ('114','114','Avenida Prefeito Doutor Milton Ferreira Neves','70759624');
Insert into T_MC_LOGRADOURO (CD_LOGRADOURO,CD_BAIRRO,NM_LOGRADOURO,NR_CEP) values ('115','115','Rua Henrique Adamus','67010000');
Insert into T_MC_LOGRADOURO (CD_LOGRADOURO,CD_BAIRRO,NM_LOGRADOURO,NR_CEP) values ('116','116','Rodovia BR-316 - do km 0,899 ao km 1,999 - lado ímpar','67013000');
Insert into T_MC_LOGRADOURO (CD_LOGRADOURO,CD_BAIRRO,NM_LOGRADOURO,NR_CEP) values ('117','117','Rua Alto Porã','67013015');
Insert into T_MC_LOGRADOURO (CD_LOGRADOURO,CD_BAIRRO,NM_LOGRADOURO,NR_CEP) values ('118','118','Rua Guapeba','88038064');
Insert into T_MC_LOGRADOURO (CD_LOGRADOURO,CD_BAIRRO,NM_LOGRADOURO,NR_CEP) values ('119','119','Rua Getúlio Machado','17560006');
Insert into T_MC_LOGRADOURO (CD_LOGRADOURO,CD_BAIRRO,NM_LOGRADOURO,NR_CEP) values ('120','120','RUA VINTE E UM DE SETEMBRO','70572423');
Insert into T_MC_LOGRADOURO (CD_LOGRADOURO,CD_BAIRRO,NM_LOGRADOURO,NR_CEP) values ('121','121','Rua Santa Prisca','58010000');
Insert into T_MC_LOGRADOURO (CD_LOGRADOURO,CD_BAIRRO,NM_LOGRADOURO,NR_CEP) values ('122','122','Avenida Beaurepaire Rohan - lado ímpar','58010001');
Insert into T_MC_LOGRADOURO (CD_LOGRADOURO,CD_BAIRRO,NM_LOGRADOURO,NR_CEP) values ('123','123','Rua Paulo Eduardo do Valle Pereira','58010040');
Insert into T_MC_LOGRADOURO (CD_LOGRADOURO,CD_BAIRRO,NM_LOGRADOURO,NR_CEP) values ('124','124','Rua Sebastião Donato','58400320');
Insert into T_MC_LOGRADOURO (CD_LOGRADOURO,CD_BAIRRO,NM_LOGRADOURO,NR_CEP) values ('125','125','Rua Papoulas Brancas','58400480');
Insert into T_MC_LOGRADOURO (CD_LOGRADOURO,CD_BAIRRO,NM_LOGRADOURO,NR_CEP) values ('126','126','Travessa Bom Jardim da Serra','58400640');
Insert into T_MC_LOGRADOURO (CD_LOGRADOURO,CD_BAIRRO,NM_LOGRADOURO,NR_CEP) values ('127','127','Rua Júlio Cesar - até 771 - lado ímpar','58300010');
Insert into T_MC_LOGRADOURO (CD_LOGRADOURO,CD_BAIRRO,NM_LOGRADOURO,NR_CEP) values ('128','128','Rua Orestes Baptistussi','58300290');
Insert into T_MC_LOGRADOURO (CD_LOGRADOURO,CD_BAIRRO,NM_LOGRADOURO,NR_CEP) values ('129','129','Rua Otávio Amorim','58300300');
Insert into T_MC_LOGRADOURO (CD_LOGRADOURO,CD_BAIRRO,NM_LOGRADOURO,NR_CEP) values ('130','130','Travessa Leandro Ferreira','80001970');
Insert into T_MC_LOGRADOURO (CD_LOGRADOURO,CD_BAIRRO,NM_LOGRADOURO,NR_CEP) values ('131','131','Rua Esperança','80002900');
Insert into T_MC_LOGRADOURO (CD_LOGRADOURO,CD_BAIRRO,NM_LOGRADOURO,NR_CEP) values ('132','132','Rua José Loureiro','80010000');
Insert into T_MC_LOGRADOURO (CD_LOGRADOURO,CD_BAIRRO,NM_LOGRADOURO,NR_CEP) values ('133','133','Rua Pedro Elias da Costa','86010020');
Insert into T_MC_LOGRADOURO (CD_LOGRADOURO,CD_BAIRRO,NM_LOGRADOURO,NR_CEP) values ('134','134','Avenida São Paulo','86010060');
Insert into T_MC_LOGRADOURO (CD_LOGRADOURO,CD_BAIRRO,NM_LOGRADOURO,NR_CEP) values ('135','135','Viela José Lino de Souza','86010190');
Insert into T_MC_LOGRADOURO (CD_LOGRADOURO,CD_BAIRRO,NM_LOGRADOURO,NR_CEP) values ('136','136','Praça Deputado Renato Celidônio, 542 ','87001970');
Insert into T_MC_LOGRADOURO (CD_LOGRADOURO,CD_BAIRRO,NM_LOGRADOURO,NR_CEP) values ('137','137','Rua Norah Fontes','87005000');
Insert into T_MC_LOGRADOURO (CD_LOGRADOURO,CD_BAIRRO,NM_LOGRADOURO,NR_CEP) values ('138','138','Avenida Ângelo Bruno','87005002');
Insert into T_MC_LOGRADOURO (CD_LOGRADOURO,CD_BAIRRO,NM_LOGRADOURO,NR_CEP) values ('139','139','Rua Laurita Nerosi (Distrito Moreira Cesar)','50010000');
Insert into T_MC_LOGRADOURO (CD_LOGRADOURO,CD_BAIRRO,NM_LOGRADOURO,NR_CEP) values ('140','140','Rua Berta Morena','50020000');
Insert into T_MC_LOGRADOURO (CD_LOGRADOURO,CD_BAIRRO,NM_LOGRADOURO,NR_CEP) values ('141','141','Travessa do Falcão','50020010');
Insert into T_MC_LOGRADOURO (CD_LOGRADOURO,CD_BAIRRO,NM_LOGRADOURO,NR_CEP) values ('142','142','Rua Manoel Raimudo da Silva','54070000');
Insert into T_MC_LOGRADOURO (CD_LOGRADOURO,CD_BAIRRO,NM_LOGRADOURO,NR_CEP) values ('143','143','Estrada de Bulhões','54080000');
Insert into T_MC_LOGRADOURO (CD_LOGRADOURO,CD_BAIRRO,NM_LOGRADOURO,NR_CEP) values ('144','144','Rua Framboesa','54080002');
Insert into T_MC_LOGRADOURO (CD_LOGRADOURO,CD_BAIRRO,NM_LOGRADOURO,NR_CEP) values ('145','145','Avenida Olinda Dom Hélder Câmara - até 852/853','53010005');
Insert into T_MC_LOGRADOURO (CD_LOGRADOURO,CD_BAIRRO,NM_LOGRADOURO,NR_CEP) values ('146','146','Praça Ouvidor Pacheco e Silva','53010130');
Insert into T_MC_LOGRADOURO (CD_LOGRADOURO,CD_BAIRRO,NM_LOGRADOURO,NR_CEP) values ('147','147','Rua Armando Paim','53010140');
Insert into T_MC_LOGRADOURO (CD_LOGRADOURO,CD_BAIRRO,NM_LOGRADOURO,NR_CEP) values ('148','148','Rua Reverendo Paulo Hilkias Homem de Mello','64000010');
Insert into T_MC_LOGRADOURO (CD_LOGRADOURO,CD_BAIRRO,NM_LOGRADOURO,NR_CEP) values ('149','149','Rua Tomotsu Tani','64000512');
Insert into T_MC_LOGRADOURO (CD_LOGRADOURO,CD_BAIRRO,NM_LOGRADOURO,NR_CEP) values ('150','150','Rua Eliseu Martins, 2074 ','64000905');
Insert into T_MC_LOGRADOURO (CD_LOGRADOURO,CD_BAIRRO,NM_LOGRADOURO,NR_CEP) values ('151','151','Rua Geraldo Honório da Silva','64200005');
Insert into T_MC_LOGRADOURO (CD_LOGRADOURO,CD_BAIRRO,NM_LOGRADOURO,NR_CEP) values ('152','152','Rua Professor Amstein','64200170');
Insert into T_MC_LOGRADOURO (CD_LOGRADOURO,CD_BAIRRO,NM_LOGRADOURO,NR_CEP) values ('153','153','Rua Patriarca','64200520');
Insert into T_MC_LOGRADOURO (CD_LOGRADOURO,CD_BAIRRO,NM_LOGRADOURO,NR_CEP) values ('154','154','Rua São Francisco','26887578');
Insert into T_MC_LOGRADOURO (CD_LOGRADOURO,CD_BAIRRO,NM_LOGRADOURO,NR_CEP) values ('155','155','Via Local D7 (Lot Vl América)','52550097');
Insert into T_MC_LOGRADOURO (CD_LOGRADOURO,CD_BAIRRO,NM_LOGRADOURO,NR_CEP) values ('156','156','Rua Armando Pereira','65413905');
Insert into T_MC_LOGRADOURO (CD_LOGRADOURO,CD_BAIRRO,NM_LOGRADOURO,NR_CEP) values ('157','157','Rua Primeiro de Março','20010000');
Insert into T_MC_LOGRADOURO (CD_LOGRADOURO,CD_BAIRRO,NM_LOGRADOURO,NR_CEP) values ('158','158','Beco Lagoa','20021030');
Insert into T_MC_LOGRADOURO (CD_LOGRADOURO,CD_BAIRRO,NM_LOGRADOURO,NR_CEP) values ('159','159','Rua Poeta Alvares de Azevedo','20021050');
Insert into T_MC_LOGRADOURO (CD_LOGRADOURO,CD_BAIRRO,NM_LOGRADOURO,NR_CEP) values ('160','160','Rua Tomé da Rocha','42388003');
Insert into T_MC_LOGRADOURO (CD_LOGRADOURO,CD_BAIRRO,NM_LOGRADOURO,NR_CEP) values ('161','161','RUA MARINELSON DE ABREU','89891949');
Insert into T_MC_LOGRADOURO (CD_LOGRADOURO,CD_BAIRRO,NM_LOGRADOURO,NR_CEP) values ('162','162','Rua Mário de Oliveira Dick','20387631');
Insert into T_MC_LOGRADOURO (CD_LOGRADOURO,CD_BAIRRO,NM_LOGRADOURO,NR_CEP) values ('163','163','Rua Albino Abreu Figueiredo','25010000');
Insert into T_MC_LOGRADOURO (CD_LOGRADOURO,CD_BAIRRO,NM_LOGRADOURO,NR_CEP) values ('164','164','Rua Tiquatira - até 417/418','25010002');
Insert into T_MC_LOGRADOURO (CD_LOGRADOURO,CD_BAIRRO,NM_LOGRADOURO,NR_CEP) values ('165','165','Rua Capitão Pereira Lago','25010005');
Insert into T_MC_LOGRADOURO (CD_LOGRADOURO,CD_BAIRRO,NM_LOGRADOURO,NR_CEP) values ('166','166','Rua Ciliandra','59010000');
Insert into T_MC_LOGRADOURO (CD_LOGRADOURO,CD_BAIRRO,NM_LOGRADOURO,NR_CEP) values ('167','167','Viela Rita Clementina de Jesus','59010065');
Insert into T_MC_LOGRADOURO (CD_LOGRADOURO,CD_BAIRRO,NM_LOGRADOURO,NR_CEP) values ('168','168','Rua Feliciano Dias','59010070');
Insert into T_MC_LOGRADOURO (CD_LOGRADOURO,CD_BAIRRO,NM_LOGRADOURO,NR_CEP) values ('169','169','Rua Afonso Pena','59600010');
Insert into T_MC_LOGRADOURO (CD_LOGRADOURO,CD_BAIRRO,NM_LOGRADOURO,NR_CEP) values ('170','170','Rua Lopes Trovão','59600260');
Insert into T_MC_LOGRADOURO (CD_LOGRADOURO,CD_BAIRRO,NM_LOGRADOURO,NR_CEP) values ('171','171','Avenida Santo Amaro, 4281 ','59600420');
Insert into T_MC_LOGRADOURO (CD_LOGRADOURO,CD_BAIRRO,NM_LOGRADOURO,NR_CEP) values ('172','172','Martins da Costa Agra','56163000');
Insert into T_MC_LOGRADOURO (CD_LOGRADOURO,CD_BAIRRO,NM_LOGRADOURO,NR_CEP) values ('173','173','Rua Frei Moura Leme do Piado','56163970');
Insert into T_MC_LOGRADOURO (CD_LOGRADOURO,CD_BAIRRO,NM_LOGRADOURO,NR_CEP) values ('174','174','Rua Silvestre Ferreira','59150010');
Insert into T_MC_LOGRADOURO (CD_LOGRADOURO,CD_BAIRRO,NM_LOGRADOURO,NR_CEP) values ('175','175','Rua Cinco (Cj Hab Eduardo Dutra)','90001970');
Insert into T_MC_LOGRADOURO (CD_LOGRADOURO,CD_BAIRRO,NM_LOGRADOURO,NR_CEP) values ('176','176','Avenida Augusto de Carvalho','90010390');
Insert into T_MC_LOGRADOURO (CD_LOGRADOURO,CD_BAIRRO,NM_LOGRADOURO,NR_CEP) values ('177','177','Praça Itália','90010400');
Insert into T_MC_LOGRADOURO (CD_LOGRADOURO,CD_BAIRRO,NM_LOGRADOURO,NR_CEP) values ('178','178','Rua Pasquale Greco','95010000');
Insert into T_MC_LOGRADOURO (CD_LOGRADOURO,CD_BAIRRO,NM_LOGRADOURO,NR_CEP) values ('179','179','Rua Inhambú - de 1501/1502 ao fim','95010010');
Insert into T_MC_LOGRADOURO (CD_LOGRADOURO,CD_BAIRRO,NM_LOGRADOURO,NR_CEP) values ('180','180','Rua Desembargador Armando Azambuja','95010020');
Insert into T_MC_LOGRADOURO (CD_LOGRADOURO,CD_BAIRRO,NM_LOGRADOURO,NR_CEP) values ('181','181','Avenida Victor Barreto','92010000');
Insert into T_MC_LOGRADOURO (CD_LOGRADOURO,CD_BAIRRO,NM_LOGRADOURO,NR_CEP) values ('182','182','Largo do Paissandu, 72 ','92020010');
Insert into T_MC_LOGRADOURO (CD_LOGRADOURO,CD_BAIRRO,NM_LOGRADOURO,NR_CEP) values ('183','183','Rua Ivirapema','92025270');
Insert into T_MC_LOGRADOURO (CD_LOGRADOURO,CD_BAIRRO,NM_LOGRADOURO,NR_CEP) values ('184','184','Rua Paulina','76801019');
Insert into T_MC_LOGRADOURO (CD_LOGRADOURO,CD_BAIRRO,NM_LOGRADOURO,NR_CEP) values ('185','185','Rua Doutor Antônio Spagnolo','76801154');
Insert into T_MC_LOGRADOURO (CD_LOGRADOURO,CD_BAIRRO,NM_LOGRADOURO,NR_CEP) values ('186','186','Rua Major Amarante - de 913/914 a 1228/1229','76801182');
Insert into T_MC_LOGRADOURO (CD_LOGRADOURO,CD_BAIRRO,NM_LOGRADOURO,NR_CEP) values ('187','187','Travessa Sucupira','38660000');
Insert into T_MC_LOGRADOURO (CD_LOGRADOURO,CD_BAIRRO,NM_LOGRADOURO,NR_CEP) values ('188','188','Rua Nazu Geraldo de Carvalho','38660970');
Insert into T_MC_LOGRADOURO (CD_LOGRADOURO,CD_BAIRRO,NM_LOGRADOURO,NR_CEP) values ('189','189','Praça Jornalista Adriano Campanhole','76880000');
Insert into T_MC_LOGRADOURO (CD_LOGRADOURO,CD_BAIRRO,NM_LOGRADOURO,NR_CEP) values ('190','190','Rua Safira','32596272');
Insert into T_MC_LOGRADOURO (CD_LOGRADOURO,CD_BAIRRO,NM_LOGRADOURO,NR_CEP) values ('191','191','Rua Tenente Brasil - de 480 a 646 - lado par','39402353');
Insert into T_MC_LOGRADOURO (CD_LOGRADOURO,CD_BAIRRO,NM_LOGRADOURO,NR_CEP) values ('192','192','Rua Gustavo','67061857');
Insert into T_MC_LOGRADOURO (CD_LOGRADOURO,CD_BAIRRO,NM_LOGRADOURO,NR_CEP) values ('193','193','Rua Bernardo de Araújo Carvalhal','58123000');
Insert into T_MC_LOGRADOURO (CD_LOGRADOURO,CD_BAIRRO,NM_LOGRADOURO,NR_CEP) values ('194','194','Travessa Ubirajara','58123970');
Insert into T_MC_LOGRADOURO (CD_LOGRADOURO,CD_BAIRRO,NM_LOGRADOURO,NR_CEP) values ('195','195','Avenida Ville Roy - de 5373/5374 a 6277/6278','69301000');
Insert into T_MC_LOGRADOURO (CD_LOGRADOURO,CD_BAIRRO,NM_LOGRADOURO,NR_CEP) values ('196','196',' Airton Senna','69373000');
Insert into T_MC_LOGRADOURO (CD_LOGRADOURO,CD_BAIRRO,NM_LOGRADOURO,NR_CEP) values ('197','197','Rua Olímpia','69373970');
Insert into T_MC_LOGRADOURO (CD_LOGRADOURO,CD_BAIRRO,NM_LOGRADOURO,NR_CEP) values ('198','198','Rua Professor Miguel Maurício da Rocha - de 231/232 a 579/580','94697080');
Insert into T_MC_LOGRADOURO (CD_LOGRADOURO,CD_BAIRRO,NM_LOGRADOURO,NR_CEP) values ('199','199','Rua Sumari','69360000');
Insert into T_MC_LOGRADOURO (CD_LOGRADOURO,CD_BAIRRO,NM_LOGRADOURO,NR_CEP) values ('200','200','Avenida Doutor Zanny, 1825 ','69360970');
Insert into T_MC_LOGRADOURO (CD_LOGRADOURO,CD_BAIRRO,NM_LOGRADOURO,NR_CEP) values ('201','201','Rua Ciclomar Simony','27453231');
Insert into T_MC_LOGRADOURO (CD_LOGRADOURO,CD_BAIRRO,NM_LOGRADOURO,NR_CEP) values ('202','202','Rua República do Líbano','89201602');
Insert into T_MC_LOGRADOURO (CD_LOGRADOURO,CD_BAIRRO,NM_LOGRADOURO,NR_CEP) values ('203','203','Rua Ministro Calógeras - de 1001 a 1749 - lado ímpar','89202005');
Insert into T_MC_LOGRADOURO (CD_LOGRADOURO,CD_BAIRRO,NM_LOGRADOURO,NR_CEP) values ('204','204','Rua Líbero Badaró, 158 ','89202252');
Insert into T_MC_LOGRADOURO (CD_LOGRADOURO,CD_BAIRRO,NM_LOGRADOURO,NR_CEP) values ('205','205','Rua Silvestre','88010000');
Insert into T_MC_LOGRADOURO (CD_LOGRADOURO,CD_BAIRRO,NM_LOGRADOURO,NR_CEP) values ('206','206','Rua Doutor Campos Salles - de 221/222 ao fim','88020230');
Insert into T_MC_LOGRADOURO (CD_LOGRADOURO,CD_BAIRRO,NM_LOGRADOURO,NR_CEP) values ('207','207','Rua 13 de Maio - lado ímpar','88020231');
Insert into T_MC_LOGRADOURO (CD_LOGRADOURO,CD_BAIRRO,NM_LOGRADOURO,NR_CEP) values ('208','208','Rua 15 de Novembro - até 900 - lado par','89010000');
Insert into T_MC_LOGRADOURO (CD_LOGRADOURO,CD_BAIRRO,NM_LOGRADOURO,NR_CEP) values ('209','209','Rua Valdir Niemeyer','89010300');
Insert into T_MC_LOGRADOURO (CD_LOGRADOURO,CD_BAIRRO,NM_LOGRADOURO,NR_CEP) values ('210','210','Avenida Brigadeiro Faria Lima - de 1503 a 2127 - lado ímpar','89010400');
Insert into T_MC_LOGRADOURO (CD_LOGRADOURO,CD_BAIRRO,NM_LOGRADOURO,NR_CEP) values ('211','211','Rua Archângelo Archina','1001000');
Insert into T_MC_LOGRADOURO (CD_LOGRADOURO,CD_BAIRRO,NM_LOGRADOURO,NR_CEP) values ('212','212','Viaduto do Chá','1002020');
Insert into T_MC_LOGRADOURO (CD_LOGRADOURO,CD_BAIRRO,NM_LOGRADOURO,NR_CEP) values ('213','213','Passagem Mestre Vitalino','1002901');
Insert into T_MC_LOGRADOURO (CD_LOGRADOURO,CD_BAIRRO,NM_LOGRADOURO,NR_CEP) values ('214','214','Praça Presidente Getúlio Vargas','7010000');
Insert into T_MC_LOGRADOURO (CD_LOGRADOURO,CD_BAIRRO,NM_LOGRADOURO,NR_CEP) values ('215','215','Rua Braúlio Tertuliano Vieira','7010043');
Insert into T_MC_LOGRADOURO (CD_LOGRADOURO,CD_BAIRRO,NM_LOGRADOURO,NR_CEP) values ('216','216','Rua Agnello Marchi','7010050');
Insert into T_MC_LOGRADOURO (CD_LOGRADOURO,CD_BAIRRO,NM_LOGRADOURO,NR_CEP) values ('217','217','Rua Belém de Maria','13010918');
Insert into T_MC_LOGRADOURO (CD_LOGRADOURO,CD_BAIRRO,NM_LOGRADOURO,NR_CEP) values ('218','218','Rua Milton Takeo','13010919');
Insert into T_MC_LOGRADOURO (CD_LOGRADOURO,CD_BAIRRO,NM_LOGRADOURO,NR_CEP) values ('219','219','Rua Marechal Deodoro, 1099 ','13010920');
Insert into T_MC_LOGRADOURO (CD_LOGRADOURO,CD_BAIRRO,NM_LOGRADOURO,NR_CEP) values ('220','220','SMDB Conjunto 12 Bloco E','49000001');
Insert into T_MC_LOGRADOURO (CD_LOGRADOURO,CD_BAIRRO,NM_LOGRADOURO,NR_CEP) values ('221','221','Avenida José Rodrigues Sobrinho (Bloco 2) - lado par','49003160');
Insert into T_MC_LOGRADOURO (CD_LOGRADOURO,CD_BAIRRO,NM_LOGRADOURO,NR_CEP) values ('222','222','Rua Fernandes Prestes de Albuquerque','49004000');
Insert into T_MC_LOGRADOURO (CD_LOGRADOURO,CD_BAIRRO,NM_LOGRADOURO,NR_CEP) values ('223','223','Av C','49160000');
Insert into T_MC_LOGRADOURO (CD_LOGRADOURO,CD_BAIRRO,NM_LOGRADOURO,NR_CEP) values ('224','224','Rua César Evaristo Leite','49160970');
Insert into T_MC_LOGRADOURO (CD_LOGRADOURO,CD_BAIRRO,NM_LOGRADOURO,NR_CEP) values ('225','225','Rua Novo Horizonte','49160971');
Insert into T_MC_LOGRADOURO (CD_LOGRADOURO,CD_BAIRRO,NM_LOGRADOURO,NR_CEP) values ('226','226','Rua Brandino Francisco Genovesi','49400000');
Insert into T_MC_LOGRADOURO (CD_LOGRADOURO,CD_BAIRRO,NM_LOGRADOURO,NR_CEP) values ('227','227','Rua Dois de Outubro','49400970');
Insert into T_MC_LOGRADOURO (CD_LOGRADOURO,CD_BAIRRO,NM_LOGRADOURO,NR_CEP) values ('228','228','Rua Principal, s/n ','49400990');
Insert into T_MC_LOGRADOURO (CD_LOGRADOURO,CD_BAIRRO,NM_LOGRADOURO,NR_CEP) values ('229','229','Praça Girassóis','77001002');
Insert into T_MC_LOGRADOURO (CD_LOGRADOURO,CD_BAIRRO,NM_LOGRADOURO,NR_CEP) values ('230','230','Avenida Miruna - de 231/232 a 479/480','77003002');
Insert into T_MC_LOGRADOURO (CD_LOGRADOURO,CD_BAIRRO,NM_LOGRADOURO,NR_CEP) values ('231','231','Rua Nelson Pires Defensor','77003050');
Insert into T_MC_LOGRADOURO (CD_LOGRADOURO,CD_BAIRRO,NM_LOGRADOURO,NR_CEP) values ('232','232','Rua Libanesa','77805170');
Insert into T_MC_LOGRADOURO (CD_LOGRADOURO,CD_BAIRRO,NM_LOGRADOURO,NR_CEP) values ('233','233','Rua Aparecido Carlos Gava','77805200');
Insert into T_MC_LOGRADOURO (CD_LOGRADOURO,CD_BAIRRO,NM_LOGRADOURO,NR_CEP) values ('234','234','Praça Yedo','77807010');
Insert into T_MC_LOGRADOURO (CD_LOGRADOURO,CD_BAIRRO,NM_LOGRADOURO,NR_CEP) values ('235','235','Rua Salto do Lontra','77402160');
Insert into T_MC_LOGRADOURO (CD_LOGRADOURO,CD_BAIRRO,NM_LOGRADOURO,NR_CEP) values ('236','236','Rua Marechal Humberto de Alencar Castelo Branco','77402210');
Insert into T_MC_LOGRADOURO (CD_LOGRADOURO,CD_BAIRRO,NM_LOGRADOURO,NR_CEP) values ('237','237','Rodovia BR-13','77402220');

Insert into T_MC_CATEGORIA_PROD (CD_CATEGORIA,TP_CATEGORIA,DS_CATEGORIA,DT_INICIO,DT_TERMINO,ST_CATEGORIA) values ('1','P','Artesanato',to_date('22/06/00','DD/MM/RR'),null,'A');
Insert into T_MC_CATEGORIA_PROD (CD_CATEGORIA,TP_CATEGORIA,DS_CATEGORIA,DT_INICIO,DT_TERMINO,ST_CATEGORIA) values ('2','P','Audio',to_date('27/07/02','DD/MM/RR'),null,'A');
Insert into T_MC_CATEGORIA_PROD (CD_CATEGORIA,TP_CATEGORIA,DS_CATEGORIA,DT_INICIO,DT_TERMINO,ST_CATEGORIA) values ('3','P','Brinquedos',to_date('04/06/00','DD/MM/RR'),null,'A');
Insert into T_MC_CATEGORIA_PROD (CD_CATEGORIA,TP_CATEGORIA,DS_CATEGORIA,DT_INICIO,DT_TERMINO,ST_CATEGORIA) values ('4','P','Celular e Smartphone',to_date('29/01/02','DD/MM/RR'),null,'A');
Insert into T_MC_CATEGORIA_PROD (CD_CATEGORIA,TP_CATEGORIA,DS_CATEGORIA,DT_INICIO,DT_TERMINO,ST_CATEGORIA) values ('5','P','Colchoes',to_date('01/02/01','DD/MM/RR'),null,'A');
Insert into T_MC_CATEGORIA_PROD (CD_CATEGORIA,TP_CATEGORIA,DS_CATEGORIA,DT_INICIO,DT_TERMINO,ST_CATEGORIA) values ('6','P','Esporte e Lazer',to_date('09/08/02','DD/MM/RR'),null,'A');
Insert into T_MC_CATEGORIA_PROD (CD_CATEGORIA,TP_CATEGORIA,DS_CATEGORIA,DT_INICIO,DT_TERMINO,ST_CATEGORIA) values ('7','P','Ferramentas',to_date('19/09/01','DD/MM/RR'),null,'A');
Insert into T_MC_CATEGORIA_PROD (CD_CATEGORIA,TP_CATEGORIA,DS_CATEGORIA,DT_INICIO,DT_TERMINO,ST_CATEGORIA) values ('8','P','Games',to_date('18/02/02','DD/MM/RR'),null,'A');
Insert into T_MC_CATEGORIA_PROD (CD_CATEGORIA,TP_CATEGORIA,DS_CATEGORIA,DT_INICIO,DT_TERMINO,ST_CATEGORIA) values ('9','P','Informatica',to_date('18/05/01','DD/MM/RR'),null,'A');
Insert into T_MC_CATEGORIA_PROD (CD_CATEGORIA,TP_CATEGORIA,DS_CATEGORIA,DT_INICIO,DT_TERMINO,ST_CATEGORIA) values ('10','P','Livros',to_date('29/04/01','DD/MM/RR'),null,'A');
Insert into T_MC_CATEGORIA_PROD (CD_CATEGORIA,TP_CATEGORIA,DS_CATEGORIA,DT_INICIO,DT_TERMINO,ST_CATEGORIA) values ('11','P','Pet Shop',to_date('18/02/02','DD/MM/RR'),null,'A');
Insert into T_MC_CATEGORIA_PROD (CD_CATEGORIA,TP_CATEGORIA,DS_CATEGORIA,DT_INICIO,DT_TERMINO,ST_CATEGORIA) values ('12','P','TV e Utilidades Domesticas',to_date('08/09/01','DD/MM/RR'),null,'A');
Insert into T_MC_CATEGORIA_PROD (CD_CATEGORIA,TP_CATEGORIA,DS_CATEGORIA,DT_INICIO,DT_TERMINO,ST_CATEGORIA) values ('13','V','Instalação do Produto',to_date('06/11/02','DD/MM/RR'),null,'A');
Insert into T_MC_CATEGORIA_PROD (CD_CATEGORIA,TP_CATEGORIA,DS_CATEGORIA,DT_INICIO,DT_TERMINO,ST_CATEGORIA) values ('14','V','Uso no Cotidiano',to_date('28/01/01','DD/MM/RR'),null,'A');
Insert into T_MC_CATEGORIA_PROD (CD_CATEGORIA,TP_CATEGORIA,DS_CATEGORIA,DT_INICIO,DT_TERMINO,ST_CATEGORIA) values ('15','V','Comercial com Personalidade',to_date('20/05/02','DD/MM/RR'),null,'A');
Insert into T_MC_CATEGORIA_PROD (CD_CATEGORIA,TP_CATEGORIA,DS_CATEGORIA,DT_INICIO,DT_TERMINO,ST_CATEGORIA) values ('16','P','COZINHA',to_date('30/06/01','DD/MM/RR'),null,'I');


Insert into T_MC_PRODUTO (CD_PRODUTO,CD_CATEGORIA,NR_CD_BARRAS_PROD,DS_PRODUTO,VL_UNITARIO,TP_EMBALAGEM,ST_PRODUTO,VL_PERC_LUCRO,DS_COMPLETA_PROD) values ('12','12','7893299916908','	LG SMARTV 55 4K UHD BLUETOOH WIFI IA THINQ AI GOOGLE ASSIS ALEXA	','2683,9',null,'A','15','Marca	?LG-Fabricante	?LG-Modelo	?7893299916908-Certificação	?Não aplicável-Ano	?2021-Número da peça	?7893299916908-Tipo Do Produto	?Eletrônicos-Resolução	?4K-Peças para montagem	?TV, Cabo de força, controle remoto, base, parafusos e manual-Número de unidades	?1-Tecnologia da tela	?LED-Tamanho da tela	?55-Tela ou mostrador	?IPS LCD-Proporção da tela	?16:9-Resolução	?3840 x 2160-Etiqueta Nacional de Eficiência Energética (ENCE)	?A+-Tipo de fonte de energia	?Energia elétrica-Baterias inclusas	?Não-Funciona com baterias	?Não-Taxa de atualização	?60 Hz-Tecnologia de conexão	?Wi-fi-Cor	?Ceramic Black-Cor correspondente	?Ceramic Black-Conexões	?Wi-fi Wi-fi-Garantia do fabricante	?1 ano-Peso do produto	?8 kg-Número do modelo	?7893299916908-EAN	?7893299916908-Dimensões do produto	?135 x 17 x 83 cm; 8 Quilogramas--');
Insert into T_MC_PRODUTO (CD_PRODUTO,CD_CATEGORIA,NR_CD_BARRAS_PROD,DS_PRODUTO,VL_UNITARIO,TP_EMBALAGEM,ST_PRODUTO,VL_PERC_LUCRO,DS_COMPLETA_PROD) values ('13','10',null,'	As brumas de Avalon: O clássico que encantou gerações - 2ª Edição	','87,87',null,'A','15','Editora ? : ? Planeta Minotauro; 2ª edição (20 junho 2018)-Idioma ? : ? Português-Capa dura ? : ? 968 páginas-ISBN-10 ? : ? 8542213416-ISBN-13 ? : ? 978-8542213416-Dimensões ? : ? 23.4 x 16.4 x 4.2 cm--');
Insert into T_MC_PRODUTO (CD_PRODUTO,CD_CATEGORIA,NR_CD_BARRAS_PROD,DS_PRODUTO,VL_UNITARIO,TP_EMBALAGEM,ST_PRODUTO,VL_PERC_LUCRO,DS_COMPLETA_PROD) values ('14','7',null,'	Aspirador de Pó Vertical e Portátil de Mão 2 em 1 WAP','154,9',null,'A','15','Descrição do Produto-Aspirador de pó vertical portátil 2 em 1 Wap high speed fw006531 127V--Versátil, prático e potente, o wap high speed é o melhor aspirador de pó vertical para o seu a. Leve e portátil, ele possui 1000w de potência e é um produto 2 em 1, pode ser utilizado no formato vertical ou como aspirador de mão.--O aspirador de pó vertical wap high speed fácilita a limpeza em locais de difícil acesso, como embaixo de camas, armários ou cantos de sofás. Além disso, ele pode ser utilizado com o bico múltiplo, para pisos e carpetes, ou com o bico canto.--Por ser compacto e desmontável, o aspirador de pó vertical high speed da wap é também muito prático para guardar. Outro grande diferencial do wap high speed é o sistema de armazenamento de sujeira.--Conheça e surpreenda-se com o aspirador de pó vertical wap high speed. Um produto com a tecnologia e o já conhecido padrão de qualidade wap.--- aspirador de pó 2 em 1. Pode ser utilizado como aspirador vertical ou como aspirador de mão portátil.-- o aspirador de pó vertical possui um recipiente transparente removível, lavável e com indicador de nível de poeira, o que elimina a necessidade de utilização de saco para pó. E o melhor, você não tem contato nenhum com a sujeira ao descartar o pó.-- fácilita a limpeza em locais de difícil acesso, como embaixo de camas, armários, cantos de sofás e muito mais.--Características do aspirador de pó wap high speed-- potência elétrica: 1000w-- tensão: 127v (110v)-- frequência: 50/ 60 Hz-- motor: universal-- capacidade recipiente: 1, 2 l (litros)-- vácuo: 131 MBar-- nível de ruído: 83 dB(a)-- níveis de filtragem: 2-- aspira água: não-- classe de isolação: 2-- cabo elétrico: 4 metros-- filtro hepa: sim-- recipiente transparente para pó: sim-- suporte para enrolar o cabo elétrico: sim--');
Insert into T_MC_PRODUTO (CD_PRODUTO,CD_CATEGORIA,NR_CD_BARRAS_PROD,DS_PRODUTO,VL_UNITARIO,TP_EMBALAGEM,ST_PRODUTO,VL_PERC_LUCRO,DS_COMPLETA_PROD) values ('15','8',null,'	The Last of Us Part II - PlayStation 4	','129,9',null,'A','15','Cinco anos depois da jornada perigosa pelos Estados Unidos pós-pandêmicos, Ellie e Joel se estabelecem em Jackson, Wyoming. A vida em uma próspera comunidade de sobreviventes lhes trouxe paz e estabilidade, apesar da ameaça constante dos infectados e de outros sobreviventes mais desesperados. Quando um evento violento interrompe essa paz, Ellie embarca em uma jornada implacável para fazer justiça e encontrar uma solução. Enquanto vai atrás de cada um dos responsáveis, ela se confronta com as repercussões físicas e emocionais devastadoras de suas ações. Uma história complexa e emocionante Vivencie os conflitos morais cada vez maiores criados pela busca implacável de Ellie por vingança. O ciclo de violência deixado em seu caminho desafiará suas noções de certo ou errado, bem ou mal e herói ou vilão. Um mundo belo, mas perigoso Embarque na jornada de Ellie, levando-a das montanhas e florestas tranquilas de Jackson até as ruínas exuberantes e cobertas pela vegetação da área metropolitana de Seattle. Encontre novos grupos de sobreviventes, ambientes desconhecidos e traiçoeiros e evoluções terríveis dos infectados. Criados pela versão mais recente do mecanismo da Naughty Dog, o mundo e os personagens mortais estão mais realistas e meticulosamente detalhados do que nunca. Partida tensa e alucinante de ação e sobrevivência Os sistemas de partida novos e avançados atendem aos desafios de vida ou morte da jornada de Ellie por um mundo hostil. Vivencie sua batalha alucinante pela sobrevivência através de recursos aprimorados como combate corpo a corpo de alta intensidade, movimento fluido e ações furtivas dinâmicas. Uma ampla variedade de armas, itens de criação, habilidades e atualizações possibilitam que você personalize as habilidades de Ellie de acordo com seu estilo de jogo.--Idioma ? : ? Português-Dimensões do produto ? : ? 13.5 x 3 x 19 cm; 200 g-Número do modelo ? : ? P4MA00736702FGM-Data de lançamento ? : ? 19 junho 2020-ASIN ? : ? B07ZGFHZVZ-País de origem ? : ? Brasil--');
Insert into T_MC_PRODUTO (CD_PRODUTO,CD_CATEGORIA,NR_CD_BARRAS_PROD,DS_PRODUTO,VL_UNITARIO,TP_EMBALAGEM,ST_PRODUTO,VL_PERC_LUCRO,DS_COMPLETA_PROD) values ('16','9','7893299917714','	Monitor LG Ultrawide 29WL500-29, ','1339,9',null,'A','15','Marca	?LG-Fabricante	?LG-Série	?29WL500-Certificação	?Grade 1-Cor	?Preto-Altura do produto	?41.09 centímetros-Largura do produto	?69.81 centímetros-Tamanho de tela vertical	?29 Polegadas-Resolução da tela	?2560x1080-Resolução	?2560 x 1080 Pixels-Tecnologia de conexão	?Ethernet, HDMI-Número de Conexões HDMI	?1-Voltagem	?110 Volts, 220 Volts-Etiqueta Nacional de Eficiência Energética (ENCE)	?G-Fonte de alimentação	?AC-Número de unidades	?1-Peso do produto	?5.2 kg-Dimensões do produto	?20.94 x 69.81 x 41.09 cm; 5.2 Quilogramas-Número do modelo	?29WL500-Funciona a bateria ou pilha?	?Não-EAN	?7893299917714, 8806091257543---');
Insert into T_MC_PRODUTO (CD_PRODUTO,CD_CATEGORIA,NR_CD_BARRAS_PROD,DS_PRODUTO,VL_UNITARIO,TP_EMBALAGEM,ST_PRODUTO,VL_PERC_LUCRO,DS_COMPLETA_PROD) values ('17','8',null,'	Elden Ring - Padrão - Playstation 4	','229,9',null,'A','15','A Ordem Áurea foi quebrada. Levante-se, Maculado, e seja guiado pela graça para empunhar o poder do Anel Prístino e se tornar um Lorde Prístino nas Terras Intermédias. ELDEN RING, é um RPG de ação e fantasia ambientado em um mundo cheio de mistério e perigo. Um novo mundo de fantasia: Viaje pelas Terras Intermédias, um mundo de fantasia criado por Hidetaka Miyazaki, criador de DARK SOULS, e George R.R. Martin, autor do best-seller, AS CRÔNICAS de GELO e FOGO.Desvende os mistérios do poder do Anel Prístino. Encontre adversários com histórias profundas, personagens com suas próprias motivações únicas para ajudar ou atrapalhar seu progresso, e criaturas terríveis.-Idioma ? : ? Inglês-Dimensões do produto ? : ? 1.5 x 13.5 x 17 cm; 150 g-Número do modelo ? : ? P4DA07639801FGM-Data de lançamento ? : ? 25 fevereiro 2022-ASIN ? : ? B07T8XCPSP-País de origem ? : ? Brasil--');
Insert into T_MC_PRODUTO (CD_PRODUTO,CD_CATEGORIA,NR_CD_BARRAS_PROD,DS_PRODUTO,VL_UNITARIO,TP_EMBALAGEM,ST_PRODUTO,VL_PERC_LUCRO,DS_COMPLETA_PROD) values ('18','4','6934177773587','	Poco M4 Pro Smartphone 128GB 6GB RAM no Brasil - Azul	','1425,9',null,'A','15','Marca	?Poco-Fabricante	?Poco-Modelo	?POCO-Número da peça	?POCO-Tipo Do Produto	?Eletrônicos-RAM	?6 GB-Capacidade de armazenamento da memória	?6 GB-Tamanho da memória externa	?128 GB-Tamanho da memória RAM instalada	?6 GB-Capacidade de armazenamento digital	?128 GB-Baterias inclusas	?Sim-Funciona com baterias	?Sim-Entrada de usuário	?Ecrã tátil-Tipo de produto	?Smartphone-Cor	?Azul-Cor correspondente	?Azul-Resolução estática efetiva	?64 MP-Peso do produto	?480 g-Número do modelo	?POCO-EAN	?6934177773587-Dimensões da embalagem	?17 x 8.7 x 5.7 cm; 480 g---');
Insert into T_MC_PRODUTO (CD_PRODUTO,CD_CATEGORIA,NR_CD_BARRAS_PROD,DS_PRODUTO,VL_UNITARIO,TP_EMBALAGEM,ST_PRODUTO,VL_PERC_LUCRO,DS_COMPLETA_PROD) values ('19','12','7892509114233','	Smart TV LED 32'' HD Samsung LH32BETBLGGXZD	','1385,9',null,'A','15','Marca	?SAMSUNG-Fabricante	?Samsung-Modelo	?LH32BETBLGGXZD-Nome do modelo	?LH32BETBLGGXZD-Certificação	?CB (Europe) : IEC60065/EN60065 CCC (China) : GB 8898 PSB (Singapore ) : PSB+IEC60065 NOM (Mexico ) : NOM-001-SCFI-1993 IRAM (Argentina ) : IRAM+IEC60065 SASO (Saudi Arabia ) : SASO+IEC60065 BIS(India) : IEC60065 / IS616 NOM(Mexico) : Tuner : NOM-001-SCFI-1993 Tunerless : NOM-019-SCFI-1998 KC(Korea) : KC 60065 EAC(Russia) : GOST IEC 60065-2013 INMETRO(Brazil) : INMETRO+IEC60065 BSMI(Chinese Taiwan) : BSMI+IEC60065 RCM(Australia) : IEC60065/AS/NZS 60065 UL(USA) : cUL60065-Ano	?2020-Número da peça	?LH32BETBLGGXZD-Tipo Do Produto	?Eletrônicos-Sistema operacional	?Tizen-Interface do hardware	?USB, HDMI-Tempo de resposta	?5 Milliseconds-Resolução	?720p-Peças para montagem	?01 smartv samsung - manual do produto - certificado de garantia-Número de unidades	?1-Tecnologia da tela	?LED-Tamanho da tela	?32 Polegadas-Tela ou mostrador	?LED-Proporção da tela	?16:9-Taxa de contraste	?4,700:1-Resolução	?1280x720 Pixels-Resolução máxima	?1080 Pixels-Configuração de canais de surround sound nos alto-falantes	?2CH (5W+5W)-Voltagem	?220 Volts-Etiqueta Nacional de Eficiência Energética (ENCE)	?A+-Potência em watts	?117 watts-Tipo de fonte de energia	?AC-Baterias inclusas	?Sim-Funciona com baterias	?Sim-Composição da pilha ou bateria	?Alcalina-Taxa de atualização	?60 Hz-Total de entradas USB	?1-Tecnologia de conexão	?HDMI-Tipo de suporte ou fixação	?100.0 x 100.0-Inclui bateria recarregável	?Não-Cor	?PRETO-Cor correspondente	?PRETO-Conexões	?HDMI Wi-fi-Tipo de conector	?HDMI-Garantia do fabricante	?12 meses-Peso do produto	?3.8 kg-Número do modelo	?LH32BETBLGGXZD-EAN	?7892509114233-Dimensões do produto	?46.5 x 1.5 x 73.7 cm; 3.8 Quilogramas---');
Insert into T_MC_PRODUTO (CD_PRODUTO,CD_CATEGORIA,NR_CD_BARRAS_PROD,DS_PRODUTO,VL_UNITARIO,TP_EMBALAGEM,ST_PRODUTO,VL_PERC_LUCRO,DS_COMPLETA_PROD) values ('20','12','840080533261','	Fire TV Stick Lite Full HD Streaming com controle por comando de voz e Alexa	','279',null,'A','15','Especificações Técnicas-Modelo: Fire TV Stick Lite (2ª Ger)-Voltagem: Bivolt-Idioma: Português-Cor: Preta-EAN: 840080533261-Garantia: 12 meses--\n-Dimensões e Peso-Dimensões do produto sem embalagem (AxLxP): 30x86x13 mm-Dimensões do produto com embalagem (AxLxP): 159x56x140 mm-Peso do produto sem embalagem: 0,032 Kg-Peso do produto com embalagem: 0,292 Kg--\n-Itens Inclusos-01 Fire TV Stick Lite-01 Controle Remoto Lite por Voz com Alexa-01 Cabo USB-01 Adaptador de Energia-01 Extensor HDMI-02 Pilhas AAA--');
Insert into T_MC_PRODUTO (CD_PRODUTO,CD_CATEGORIA,NR_CD_BARRAS_PROD,DS_PRODUTO,VL_UNITARIO,TP_EMBALAGEM,ST_PRODUTO,VL_PERC_LUCRO,DS_COMPLETA_PROD) values ('21','16',null,'KIT DE FACAS TRAMONTINA','150',null,'I','15','KIT COM 16 FACAS');
Insert into T_MC_PRODUTO (CD_PRODUTO,CD_CATEGORIA,NR_CD_BARRAS_PROD,DS_PRODUTO,VL_UNITARIO,TP_EMBALAGEM,ST_PRODUTO,VL_PERC_LUCRO,DS_COMPLETA_PROD) values ('1','1',null,'	Bala de banana, 1kg	','30',null,'A','15','Balas de banana caseiras, 1Kg');
Insert into T_MC_PRODUTO (CD_PRODUTO,CD_CATEGORIA,NR_CD_BARRAS_PROD,DS_PRODUTO,VL_UNITARIO,TP_EMBALAGEM,ST_PRODUTO,VL_PERC_LUCRO,DS_COMPLETA_PROD) values ('2','2',null,'	Caixa de Som Gamer Husky Gaming Storm HGMK000	','59,99',null,'A','15','Características:- Marca: Husky Gaming- Modelo: CX-HST-RA Especificações:- Potência (RMS): 3W x2- Driver: 2.5 x2- Frequência: 150Hz-20KHz- Sensibilidade de entrada: 650mv ± 50mv- Entrada de energia: 5V DC- Dimensão: 88 (W) x 102 (D) x 180 (H) mm- Tamanho do cabo: 1.2 metros- Cor do cabo: Preto- Impedância do alto-falante: 4 ? x2- Material: ABS, metais e circuito eletrônico- Iluminação Rainbow- Touch Control para seleção ON / OFF Leds Rainbow- Botão de volume de fácil acesso- Conectividade: USB (energia) / P2 (áudio)- Alto-falantes de alta qualidade fornecem um som limpo e precisoRecursos:- Ótima qualidade de som, apresentando um som limpo e detalhado- Controle de volume muito prático e preciso- Caixas de som de aparência robusta, elegante e com apoios na baseConteúdo da Embalagem:- 1 x Caixa de Som Gamer Husky Storm- 1 x Manual de InstruçõesObservações:* É necessário conectar ambos os cabos para o funcionamento, pois o USB é responsável pela alimentação da energia e o P2 pela reprodução do áudio.Garantia:12 meses de garantiaPeso:1104 gramas (bruto com embalagem)');
Insert into T_MC_PRODUTO (CD_PRODUTO,CD_CATEGORIA,NR_CD_BARRAS_PROD,DS_PRODUTO,VL_UNITARIO,TP_EMBALAGEM,ST_PRODUTO,VL_PERC_LUCRO,DS_COMPLETA_PROD) values ('3','3','74299018060','	Pacote 5 Carros Sortidos Hot Wheels Mattel	','69,9',null,'A','15','Número do modelo	?1806-Certificação	?00128-02A-Montagem necessária	?Não-Escala	?Escala 1:64-Funciona a bateria ou pilha?	?Não-Baterias inclusas?	?Não-Controle remoto incluso?	?Não-Cor	?Multicor-Departamento	?PARA COLECIONAR-Fabricante	?MATTEL-Número do modelo	?1806-Dimensões do produto	?4.5 x 11.2 x 29 cm; 230 g-ASIN	?B000GKUEVE-Idade recomendada	?36 meses - 8 anos-Número de unidades	?1-EAN	?0074299018060-Marca	?Hot Wheels-Informações adicionais-Dimensões do pacote	26.8 x 10.9 x 3.8 centímetros-');
Insert into T_MC_PRODUTO (CD_PRODUTO,CD_CATEGORIA,NR_CD_BARRAS_PROD,DS_PRODUTO,VL_UNITARIO,TP_EMBALAGEM,ST_PRODUTO,VL_PERC_LUCRO,DS_COMPLETA_PROD) values ('4','4',null,'	Apple iPhone 13 Pro Max (256 GB) - Azul Sierra	','7379,9',null,'A','15','Tela--Tela Super Retina XDR de 6,7 polegadas com ProMotion--Capacidade--128GB, 256GB, 512GB, 1TB--Resistente a respingos, água e poeira--Todo em vidro e design de aço inoxidável de grau cirúrgico, resistente à água e poeira (classificação IP68)--Câmera 1--Câmeras triplas de 12 MP com modo Retrato, Controle de Profundidade, Iluminação Retrato, Smart HDR 3 e vídeo Dolby Vision HDR 4K de até 60 fps--Câmera Frontal--Câmera frontal TrueDepth de 12 MP com modo Retrato, Controle de Profundidade, Iluminação Retrato e Smart HDR 3--Energia e bateria--Reprodução de vídeo: Até 28 horas de reprodução de vídeo (streaming): Até 12 horas Reprodução de áudio: Adaptador de até 80 horas de 20 W ou superior (vendido separadamente) Capacidade de carga rápida: Até 50% de carga em cerca de 30 minutos com adaptador de 20 W ou superior--Conteúdo da caixa--iPhone com iOS 14, cabo USB-C para Lightning, documentação--Altura--160,8 mm--Largura--78,1 mm--Profundidade--7,4 mm--Peso--228 gramas--');
Insert into T_MC_PRODUTO (CD_PRODUTO,CD_CATEGORIA,NR_CD_BARRAS_PROD,DS_PRODUTO,VL_UNITARIO,TP_EMBALAGEM,ST_PRODUTO,VL_PERC_LUCRO,DS_COMPLETA_PROD) values ('5','5',null,'	Travesseiro Antiestresse Emma	','349',null,'A','15','Tecnologia de fibras de carbono antiestresse-Espuma de memória para suporte cervical-Camada removível para ajuste de altura e firmeza- Suporte ortopédico e ergonômico-Máxima respirabilidade--');
Insert into T_MC_PRODUTO (CD_PRODUTO,CD_CATEGORIA,NR_CD_BARRAS_PROD,DS_PRODUTO,VL_UNITARIO,TP_EMBALAGEM,ST_PRODUTO,VL_PERC_LUCRO,DS_COMPLETA_PROD) values ('6','6',null,'	 Bola Futebol Campo Adidas Al Rihla Copa Do Mundo 2022	','239,9',null,'A','15','Modelo	?H57782-Número do modelo	?H57782-Ano	?2022-Cor	?Branco-Tamanho	?UN-Correspondência de tamanho	?5-É sensível ao calor?	?Não-Número de itens	?1-Esportes	?Futebol-Funciona com baterias	?Não-Baterias inclusas?	?Não-Marca	?Adidas-Departamento	?Unisex-Fabricante	?Adidas-Número do modelo	?H57782-Dimensões do produto	?25 x 25 x 25 cm; 400 g-ASIN	?B09GS3CPQ1--');
Insert into T_MC_PRODUTO (CD_PRODUTO,CD_CATEGORIA,NR_CD_BARRAS_PROD,DS_PRODUTO,VL_UNITARIO,TP_EMBALAGEM,ST_PRODUTO,VL_PERC_LUCRO,DS_COMPLETA_PROD) values ('7','7','4059952582559','	Parafusadeira Furadeira Bosch GSR 1000	','298,9',null,'A','15','Torque do Item	?15 Newton Metros-Tamanho máximo do mandril	?6 Millimeters-Adequação do controle por rádio	?Deck-Composição das células da bateria	?Íon-lítio-Fabricante	?Robert Bosch Ltda-Número da Peça	?06019F40E3-000-Certificação	?Não aplicável-Tamanho	?Pequena-Cor	?Azul-Estilo	?Bateria-Etiqueta Nacional de Eficiência Energética (ENCE)	?1-Número de produtos	?1-Usos específicos do produto	?Amador, Interno; Amador-Componentes incluídos	?1 Parafusadeira GSR 1000 Smart, 1 manual de instruções, 1 carregador, 10 bits e 1 extensor universal-Baterias inclusas?	?Sim-Funciona a bateria ou pilha?	?Sim-Fabricante	?Robert Bosch Ltda-Modelo	?06019F40E3-000-Número do modelo	?06019F40E3-000-Dimensões da embalagem	?28.6 x 24.5 x 8.3 cm; 1.71 Quilogramas-ASIN	?B08XQWLDKP-EAN	?4059952582559---');
Insert into T_MC_PRODUTO (CD_PRODUTO,CD_CATEGORIA,NR_CD_BARRAS_PROD,DS_PRODUTO,VL_UNITARIO,TP_EMBALAGEM,ST_PRODUTO,VL_PERC_LUCRO,DS_COMPLETA_PROD) values ('8','8',null,'	Jogo God of War Ragnarök, PS4	','263,1',null,'A','15','Características:--- Marca: Sony Interactive Entertainment--- Modelo: Jogo God of War Ragnarök, PS4-- --Especificações:--- Plataforma: PS4--- Developers: Santa Monica Studio--- Publishers: Sony Interactive Entertainment--- Gênero: Ação --- Jogadores: 1 Jogador--- Faixa etária: 18 +--- Tipo de mídia: Blu-ray--- Função de vibração necessária--- Efeito gatilho necessário--- Jogo offline habilitado--- Compatível com Uso remoto--- Vibração do DUALSHOCK 4-- --Destaques do Jogo:--- Aventure-se por todos os Nove Reinos em direção à batalha profetizada que acabará com o mundo.--- Derrote deuses e monstros nórdicos em combates fluidos e expressivos.--A edição de lançamento contém os seguintes conteúdos extras para download:--- Armadura da Nevintensa do Kratos--- Túnica da Nevintensa do Atreus (cosmético)-- --Conteúdo daEmbalagem:--- 1x Mídia Blu-ray--- Manual--');
Insert into T_MC_PRODUTO (CD_PRODUTO,CD_CATEGORIA,NR_CD_BARRAS_PROD,DS_PRODUTO,VL_UNITARIO,TP_EMBALAGEM,ST_PRODUTO,VL_PERC_LUCRO,DS_COMPLETA_PROD) values ('9','9','8886419332398','	Mouse Razer Deathadder Essential	','114,99',null,'A','15','Marca	?Razer-Fabricante	?Razer Inc.-Certificação	?Não aplicável-Cor	?Black-Altura do produto	?12.7 centímetros-Largura do produto	?7.2 centímetros-Tecnologia de conexão	?USB-Quantidade de botões	?5-Etiqueta Nacional de Eficiência Energética (ENCE)	?1-Fonte de alimentação	?DC-Número de unidades	?1-Peso do produto	?130 g-Dimensões do produto	?4.3 x 7.2 x 12.7 cm; 130 g-Número do modelo	?RZ.MO.DA.08.RT-Funciona a bateria ou pilha?	?Não-EAN	?8886419332398--');
Insert into T_MC_PRODUTO (CD_PRODUTO,CD_CATEGORIA,NR_CD_BARRAS_PROD,DS_PRODUTO,VL_UNITARIO,TP_EMBALAGEM,ST_PRODUTO,VL_PERC_LUCRO,DS_COMPLETA_PROD) values ('10','10',null,'	Box Diário de um banana -10 volumes	','169,99',null,'A','15','ASIN ? : ? B06Y44T6FX-Editora ? : ? VR Editora; 1ª edição (2 janeiro 2017)-Idioma ? : ? Português-Idade de leitura ? : ? Idade sugerida pelo cliente: 8 - 12 anos-Dimensões ? : ? 21.8 x 14.4 x 13 cm--');
Insert into T_MC_PRODUTO (CD_PRODUTO,CD_CATEGORIA,NR_CD_BARRAS_PROD,DS_PRODUTO,VL_UNITARIO,TP_EMBALAGEM,ST_PRODUTO,VL_PERC_LUCRO,DS_COMPLETA_PROD) values ('11','11',null,'	Gulliver 5 Chalesco para Cães	','1209,9',null,'A','15','Dimensões do produto	?81 x 61 x 60 cm; 6.5 Quilogramas-Número do modelo	?39872-Peso máximo sugerido pelo fabricante	?25 Quilogramas-Número de produtos	?1-Quantidade	?1-Funciona com baterias	?Não-Baterias inclusas	?Não-Fabricante	?Chalesco-ASIN	?B003KV3XVY--');

Insert into T_MC_SGV_PRODUTO_VIDEO (CD_PRODUTO,NR_SEQUENCIA,CD_CATEGORIA,TP_VIDEO_PROD,DS_PATH_VIDEO_PROD,ST_VIDEO_PROD) values ('2','1','2','Review','C:\videos\husky_caixa_de_som.mp4','A');
Insert into T_MC_SGV_PRODUTO_VIDEO (CD_PRODUTO,NR_SEQUENCIA,CD_CATEGORIA,TP_VIDEO_PROD,DS_PATH_VIDEO_PROD,ST_VIDEO_PROD) values ('4','2','4','Review','C:\videos\iphone_13_pro.mp4','A');
Insert into T_MC_SGV_PRODUTO_VIDEO (CD_PRODUTO,NR_SEQUENCIA,CD_CATEGORIA,TP_VIDEO_PROD,DS_PATH_VIDEO_PROD,ST_VIDEO_PROD) values ('18','3','4','Review','C:\videos\poco_m4_pro.mp4','A');
Insert into T_MC_SGV_PRODUTO_VIDEO (CD_PRODUTO,NR_SEQUENCIA,CD_CATEGORIA,TP_VIDEO_PROD,DS_PATH_VIDEO_PROD,ST_VIDEO_PROD) values ('2','7','2','Review','C:\videos\husky_caixa_de_som.mp4','A');
Insert into T_MC_SGV_PRODUTO_VIDEO (CD_PRODUTO,NR_SEQUENCIA,CD_CATEGORIA,TP_VIDEO_PROD,DS_PATH_VIDEO_PROD,ST_VIDEO_PROD) values ('5','8','4','Review','C:\videos\iphone_13_pro.mp4','A');
Insert into T_MC_SGV_PRODUTO_VIDEO (CD_PRODUTO,NR_SEQUENCIA,CD_CATEGORIA,TP_VIDEO_PROD,DS_PATH_VIDEO_PROD,ST_VIDEO_PROD) values ('19','9','4','Review',null,'A');
Insert into T_MC_SGV_PRODUTO_VIDEO (CD_PRODUTO,NR_SEQUENCIA,CD_CATEGORIA,TP_VIDEO_PROD,DS_PATH_VIDEO_PROD,ST_VIDEO_PROD) values ('2','5','2','Review','C:\videos\husky_caixa_de_som.mp4','A');
Insert into T_MC_SGV_PRODUTO_VIDEO (CD_PRODUTO,NR_SEQUENCIA,CD_CATEGORIA,TP_VIDEO_PROD,DS_PATH_VIDEO_PROD,ST_VIDEO_PROD) values ('5','6','4','Review','C:\videos\iphone_13_pro.mp4','A');
Insert into T_MC_SGV_PRODUTO_VIDEO (CD_PRODUTO,NR_SEQUENCIA,CD_CATEGORIA,TP_VIDEO_PROD,DS_PATH_VIDEO_PROD,ST_VIDEO_PROD) values ('20','4','4','Review',null,'A');

Insert into T_MC_SGV_VISUALIZACAO_VIDEO (CD_VISUALIZACAO_VIDEO,NR_CLIENTE,CD_PRODUTO,DT_VISUALIZACAO,NR_HORA_VISUALIZACAO,NR_MINUTO_VIDEO,NR_SEGUNDO_VIDEO) values ('7','8','2',to_date('23/04/22','DD/MM/RR'),'13','10','45');
Insert into T_MC_SGV_VISUALIZACAO_VIDEO (CD_VISUALIZACAO_VIDEO,NR_CLIENTE,CD_PRODUTO,DT_VISUALIZACAO,NR_HORA_VISUALIZACAO,NR_MINUTO_VIDEO,NR_SEGUNDO_VIDEO) values ('8','5','4',to_date('16/12/20','DD/MM/RR'),'9','37','23');
Insert into T_MC_SGV_VISUALIZACAO_VIDEO (CD_VISUALIZACAO_VIDEO,NR_CLIENTE,CD_PRODUTO,DT_VISUALIZACAO,NR_HORA_VISUALIZACAO,NR_MINUTO_VIDEO,NR_SEGUNDO_VIDEO) values ('9','5','4',to_date('16/12/20','DD/MM/RR'),'20','42','57');
Insert into T_MC_SGV_VISUALIZACAO_VIDEO (CD_VISUALIZACAO_VIDEO,NR_CLIENTE,CD_PRODUTO,DT_VISUALIZACAO,NR_HORA_VISUALIZACAO,NR_MINUTO_VIDEO,NR_SEGUNDO_VIDEO) values ('4','8','2',to_date('23/04/22','DD/MM/RR'),'13','10','45');
Insert into T_MC_SGV_VISUALIZACAO_VIDEO (CD_VISUALIZACAO_VIDEO,NR_CLIENTE,CD_PRODUTO,DT_VISUALIZACAO,NR_HORA_VISUALIZACAO,NR_MINUTO_VIDEO,NR_SEGUNDO_VIDEO) values ('5','5','4',to_date('16/12/20','DD/MM/RR'),'9','37','23');
Insert into T_MC_SGV_VISUALIZACAO_VIDEO (CD_VISUALIZACAO_VIDEO,NR_CLIENTE,CD_PRODUTO,DT_VISUALIZACAO,NR_HORA_VISUALIZACAO,NR_MINUTO_VIDEO,NR_SEGUNDO_VIDEO) values ('6','5','4',to_date('16/12/20','DD/MM/RR'),'20','42','57');
Insert into T_MC_SGV_VISUALIZACAO_VIDEO (CD_VISUALIZACAO_VIDEO,NR_CLIENTE,CD_PRODUTO,DT_VISUALIZACAO,NR_HORA_VISUALIZACAO,NR_MINUTO_VIDEO,NR_SEGUNDO_VIDEO) values ('1','8','2',to_date('23/04/22','DD/MM/RR'),'13','10','45');
Insert into T_MC_SGV_VISUALIZACAO_VIDEO (CD_VISUALIZACAO_VIDEO,NR_CLIENTE,CD_PRODUTO,DT_VISUALIZACAO,NR_HORA_VISUALIZACAO,NR_MINUTO_VIDEO,NR_SEGUNDO_VIDEO) values ('2','5','4',to_date('16/12/20','DD/MM/RR'),'9','37','23');
Insert into T_MC_SGV_VISUALIZACAO_VIDEO (CD_VISUALIZACAO_VIDEO,NR_CLIENTE,CD_PRODUTO,DT_VISUALIZACAO,NR_HORA_VISUALIZACAO,NR_MINUTO_VIDEO,NR_SEGUNDO_VIDEO) values ('3','5','18',to_date('13/07/21','DD/MM/RR'),'20','42','57');

Insert into T_MC_DEPTO (CD_DEPTO,NM_DEPTO,ST_DEPTO) values ('1','COMERCIAL','A');
Insert into T_MC_DEPTO (CD_DEPTO,NM_DEPTO,ST_DEPTO) values ('2','CONTABILIDADE','A');
Insert into T_MC_DEPTO (CD_DEPTO,NM_DEPTO,ST_DEPTO) values ('3','ESTOQUE','A');
Insert into T_MC_DEPTO (CD_DEPTO,NM_DEPTO,ST_DEPTO) values ('4','FINANCEIRO','A');
Insert into T_MC_DEPTO (CD_DEPTO,NM_DEPTO,ST_DEPTO) values ('5','SAC','A');
Insert into T_MC_DEPTO (CD_DEPTO,NM_DEPTO,ST_DEPTO) values ('6','RH(RECURSOS HUMANOS)','A');
Insert into T_MC_DEPTO (CD_DEPTO,NM_DEPTO,ST_DEPTO) values ('7','TI','A');


Insert into T_MC_FUNCIONARIO (CD_FUNCIONARIO,CD_DEPTO,CD_GERENTE,NM_FUNCIONARIO,DT_NASCIMENTO,FL_SEXO_BIOLOGICO,DS_GENERO,DS_CARGO,VL_SALARIO,DS_EMAIL,ST_FUNC,DT_CADASTRAMENTO,DT_DESLIGAMENTO) values ('1','1',null,'Kamilly Viana',to_date('20/09/85','DD/MM/RR'),'F','Feminino','VENDENDOR','2914','Kamilly.Via@mc.com.br','A',to_date('24/06/20','DD/MM/RR'),null);
Insert into T_MC_FUNCIONARIO (CD_FUNCIONARIO,CD_DEPTO,CD_GERENTE,NM_FUNCIONARIO,DT_NASCIMENTO,FL_SEXO_BIOLOGICO,DS_GENERO,DS_CARGO,VL_SALARIO,DS_EMAIL,ST_FUNC,DT_CADASTRAMENTO,DT_DESLIGAMENTO) values ('2','1',null,'Gabriel Pereira',to_date('17/04/97','DD/MM/RR'),'M','Masculino','VENDENDOR','3743','Gabriel.Per@mc.com.br','I',to_date('07/12/13','DD/MM/RR'),to_date('05/10/22','DD/MM/RR'));
Insert into T_MC_FUNCIONARIO (CD_FUNCIONARIO,CD_DEPTO,CD_GERENTE,NM_FUNCIONARIO,DT_NASCIMENTO,FL_SEXO_BIOLOGICO,DS_GENERO,DS_CARGO,VL_SALARIO,DS_EMAIL,ST_FUNC,DT_CADASTRAMENTO,DT_DESLIGAMENTO) values ('3','2',null,'Levi Campos',to_date('09/01/69','DD/MM/RR'),'M','Masculino','CONTADOR','1970','Levi.Cam@mc.com.br','A',to_date('16/05/13','DD/MM/RR'),null);
Insert into T_MC_FUNCIONARIO (CD_FUNCIONARIO,CD_DEPTO,CD_GERENTE,NM_FUNCIONARIO,DT_NASCIMENTO,FL_SEXO_BIOLOGICO,DS_GENERO,DS_CARGO,VL_SALARIO,DS_EMAIL,ST_FUNC,DT_CADASTRAMENTO,DT_DESLIGAMENTO) values ('4','2',null,'Ryan Peixoto',to_date('29/06/78','DD/MM/RR'),'M','Masculino','CONTADOR','2193','Ryan.Pei@mc.com.br','A',to_date('13/04/20','DD/MM/RR'),null);
Insert into T_MC_FUNCIONARIO (CD_FUNCIONARIO,CD_DEPTO,CD_GERENTE,NM_FUNCIONARIO,DT_NASCIMENTO,FL_SEXO_BIOLOGICO,DS_GENERO,DS_CARGO,VL_SALARIO,DS_EMAIL,ST_FUNC,DT_CADASTRAMENTO,DT_DESLIGAMENTO) values ('5','2',null,'Ana Vitória Vieira',to_date('11/11/96','DD/MM/RR'),'F','Feminino','CONTADOR','3177','Ana.Vie@mc.com.br','A',to_date('29/12/14','DD/MM/RR'),null);
Insert into T_MC_FUNCIONARIO (CD_FUNCIONARIO,CD_DEPTO,CD_GERENTE,NM_FUNCIONARIO,DT_NASCIMENTO,FL_SEXO_BIOLOGICO,DS_GENERO,DS_CARGO,VL_SALARIO,DS_EMAIL,ST_FUNC,DT_CADASTRAMENTO,DT_DESLIGAMENTO) values ('6','3',null,'Gabrielly da Costa',to_date('19/02/99','DD/MM/RR'),'F','Feminino','ESTOQUISTA','2332','Gabrielly.Cos@mc.com.br','A',to_date('06/08/15','DD/MM/RR'),null);
Insert into T_MC_FUNCIONARIO (CD_FUNCIONARIO,CD_DEPTO,CD_GERENTE,NM_FUNCIONARIO,DT_NASCIMENTO,FL_SEXO_BIOLOGICO,DS_GENERO,DS_CARGO,VL_SALARIO,DS_EMAIL,ST_FUNC,DT_CADASTRAMENTO,DT_DESLIGAMENTO) values ('7','3',null,'Ana Luiza Farias',to_date('09/04/00','DD/MM/RR'),'M','Masculino','ESTOQUISTA','3795','Ana.Far@mc.com.br','A',to_date('25/01/11','DD/MM/RR'),null);
Insert into T_MC_FUNCIONARIO (CD_FUNCIONARIO,CD_DEPTO,CD_GERENTE,NM_FUNCIONARIO,DT_NASCIMENTO,FL_SEXO_BIOLOGICO,DS_GENERO,DS_CARGO,VL_SALARIO,DS_EMAIL,ST_FUNC,DT_CADASTRAMENTO,DT_DESLIGAMENTO) values ('8','3',null,'Diego Ferreira',to_date('16/03/04','DD/MM/RR'),'M','Masculino','ESTOQUISTA','3134','Diego.Fer@mc.com.br','A',to_date('15/10/15','DD/MM/RR'),null);
Insert into T_MC_FUNCIONARIO (CD_FUNCIONARIO,CD_DEPTO,CD_GERENTE,NM_FUNCIONARIO,DT_NASCIMENTO,FL_SEXO_BIOLOGICO,DS_GENERO,DS_CARGO,VL_SALARIO,DS_EMAIL,ST_FUNC,DT_CADASTRAMENTO,DT_DESLIGAMENTO) values ('9','4',null,'Antônio Sales',to_date('13/03/95','DD/MM/RR'),'M','Masculino','ANALISTA FINANCEIRO','2101','Antônio.Sal@mc.com.br','A',to_date('20/06/10','DD/MM/RR'),null);
Insert into T_MC_FUNCIONARIO (CD_FUNCIONARIO,CD_DEPTO,CD_GERENTE,NM_FUNCIONARIO,DT_NASCIMENTO,FL_SEXO_BIOLOGICO,DS_GENERO,DS_CARGO,VL_SALARIO,DS_EMAIL,ST_FUNC,DT_CADASTRAMENTO,DT_DESLIGAMENTO) values ('10','4',null,'Cauã Barbosa',to_date('31/12/99','DD/MM/RR'),'M','Masculino','ANALISTA FINANCEIRO','3491','Cauã.Bar@mc.com.br','A',to_date('20/02/18','DD/MM/RR'),null);
Insert into T_MC_FUNCIONARIO (CD_FUNCIONARIO,CD_DEPTO,CD_GERENTE,NM_FUNCIONARIO,DT_NASCIMENTO,FL_SEXO_BIOLOGICO,DS_GENERO,DS_CARGO,VL_SALARIO,DS_EMAIL,ST_FUNC,DT_CADASTRAMENTO,DT_DESLIGAMENTO) values ('11','4',null,'Bianca Aragão',to_date('31/05/97','DD/MM/RR'),'F','Feminino','ANALISTA FINANCEIRO','2215','Bianca.Ara@mc.com.br','A',to_date('11/01/16','DD/MM/RR'),null);
Insert into T_MC_FUNCIONARIO (CD_FUNCIONARIO,CD_DEPTO,CD_GERENTE,NM_FUNCIONARIO,DT_NASCIMENTO,FL_SEXO_BIOLOGICO,DS_GENERO,DS_CARGO,VL_SALARIO,DS_EMAIL,ST_FUNC,DT_CADASTRAMENTO,DT_DESLIGAMENTO) values ('12','5',null,'Alexia Castro',to_date('11/08/91','DD/MM/RR'),'F','Feminino','ANALISTA DE SAC','3778','Alexia.Cas@mc.com.br','A',to_date('09/12/12','DD/MM/RR'),null);
Insert into T_MC_FUNCIONARIO (CD_FUNCIONARIO,CD_DEPTO,CD_GERENTE,NM_FUNCIONARIO,DT_NASCIMENTO,FL_SEXO_BIOLOGICO,DS_GENERO,DS_CARGO,VL_SALARIO,DS_EMAIL,ST_FUNC,DT_CADASTRAMENTO,DT_DESLIGAMENTO) values ('13','5',null,'Luiz Otávio Carvalho',to_date('09/09/98','DD/MM/RR'),'M','Masculino','ANALISTA DE SAC','3857','Luiz.Car@mc.com.br','A',to_date('31/08/18','DD/MM/RR'),null);
Insert into T_MC_FUNCIONARIO (CD_FUNCIONARIO,CD_DEPTO,CD_GERENTE,NM_FUNCIONARIO,DT_NASCIMENTO,FL_SEXO_BIOLOGICO,DS_GENERO,DS_CARGO,VL_SALARIO,DS_EMAIL,ST_FUNC,DT_CADASTRAMENTO,DT_DESLIGAMENTO) values ('14','5',null,'Theo Fernandes',to_date('27/02/95','DD/MM/RR'),'M','Masculino','ANALISTA DE SAC','2953','Theo.Fer@mc.com.br','A',to_date('04/04/14','DD/MM/RR'),null);
Insert into T_MC_FUNCIONARIO (CD_FUNCIONARIO,CD_DEPTO,CD_GERENTE,NM_FUNCIONARIO,DT_NASCIMENTO,FL_SEXO_BIOLOGICO,DS_GENERO,DS_CARGO,VL_SALARIO,DS_EMAIL,ST_FUNC,DT_CADASTRAMENTO,DT_DESLIGAMENTO) values ('15','6',null,'Isaac Lopes',to_date('17/06/97','DD/MM/RR'),'M','Masculino','ANALISTA DE RH','3219','Isaac.Lop@mc.com.br','A',to_date('13/05/14','DD/MM/RR'),null);
Insert into T_MC_FUNCIONARIO (CD_FUNCIONARIO,CD_DEPTO,CD_GERENTE,NM_FUNCIONARIO,DT_NASCIMENTO,FL_SEXO_BIOLOGICO,DS_GENERO,DS_CARGO,VL_SALARIO,DS_EMAIL,ST_FUNC,DT_CADASTRAMENTO,DT_DESLIGAMENTO) values ('16','6',null,'Laura Correia',to_date('01/01/83','DD/MM/RR'),'F','Feminino','ANALISTA DE RH II','2427,04','Laura.Cor@mc.com.br','A',to_date('19/06/19','DD/MM/RR'),null);
Insert into T_MC_FUNCIONARIO (CD_FUNCIONARIO,CD_DEPTO,CD_GERENTE,NM_FUNCIONARIO,DT_NASCIMENTO,FL_SEXO_BIOLOGICO,DS_GENERO,DS_CARGO,VL_SALARIO,DS_EMAIL,ST_FUNC,DT_CADASTRAMENTO,DT_DESLIGAMENTO) values ('17','6',null,'Bernardo da Cruz',to_date('14/09/80','DD/MM/RR'),'M','Masculino','ANALISTA DE RH','1817','Bernardo.Cru@mc.com.br','A',to_date('19/10/12','DD/MM/RR'),null);
Insert into T_MC_FUNCIONARIO (CD_FUNCIONARIO,CD_DEPTO,CD_GERENTE,NM_FUNCIONARIO,DT_NASCIMENTO,FL_SEXO_BIOLOGICO,DS_GENERO,DS_CARGO,VL_SALARIO,DS_EMAIL,ST_FUNC,DT_CADASTRAMENTO,DT_DESLIGAMENTO) values ('18','7',null,'Eduarda Campos',to_date('02/04/88','DD/MM/RR'),'F','Feminino','HELP DESK','3999','Eduarda.Cam@mc.com.br','A',to_date('26/04/20','DD/MM/RR'),null);
Insert into T_MC_FUNCIONARIO (CD_FUNCIONARIO,CD_DEPTO,CD_GERENTE,NM_FUNCIONARIO,DT_NASCIMENTO,FL_SEXO_BIOLOGICO,DS_GENERO,DS_CARGO,VL_SALARIO,DS_EMAIL,ST_FUNC,DT_CADASTRAMENTO,DT_DESLIGAMENTO) values ('19','7',null,'Maria Sophia Cunha',to_date('11/03/91','DD/MM/RR'),'F','Feminino','HELP DESK','2822','Maria.Cun@mc.com.br','A',to_date('02/01/11','DD/MM/RR'),null);
Insert into T_MC_FUNCIONARIO (CD_FUNCIONARIO,CD_DEPTO,CD_GERENTE,NM_FUNCIONARIO,DT_NASCIMENTO,FL_SEXO_BIOLOGICO,DS_GENERO,DS_CARGO,VL_SALARIO,DS_EMAIL,ST_FUNC,DT_CADASTRAMENTO,DT_DESLIGAMENTO) values ('20','7',null,'Renan da Paz',to_date('06/09/01','DD/MM/RR'),'M','Masculino','HELP DESK','2618','Renan.Paz@mc.com.br','A',to_date('18/07/16','DD/MM/RR'),null);
Insert into T_MC_FUNCIONARIO (CD_FUNCIONARIO,CD_DEPTO,CD_GERENTE,NM_FUNCIONARIO,DT_NASCIMENTO,FL_SEXO_BIOLOGICO,DS_GENERO,DS_CARGO,VL_SALARIO,DS_EMAIL,ST_FUNC,DT_CADASTRAMENTO,DT_DESLIGAMENTO) values ('21','1',null,'Pedro Henrique Pereira',to_date('23/08/91','DD/MM/RR'),'M','Masculino','VENDENDOR','1567','Pedro.Per@mc.com.br','A',to_date('25/07/11','DD/MM/RR'),null);

Insert into T_MC_END_FUNC (CD_FUNCIONARIO,CD_LOGRADOURO,NR_END,DS_COMPLEMENTO_END,DT_INICIO,DT_TERMINO,ST_END) values ('1','57','69','Fundo	',to_date('24/06/20','DD/MM/RR'),null,'A');
Insert into T_MC_END_FUNC (CD_FUNCIONARIO,CD_LOGRADOURO,NR_END,DS_COMPLEMENTO_END,DT_INICIO,DT_TERMINO,ST_END) values ('2','30','122','A',to_date('07/12/13','DD/MM/RR'),null,'A');
Insert into T_MC_END_FUNC (CD_FUNCIONARIO,CD_LOGRADOURO,NR_END,DS_COMPLEMENTO_END,DT_INICIO,DT_TERMINO,ST_END) values ('3','120','41',null,to_date('16/05/13','DD/MM/RR'),null,'A');
Insert into T_MC_END_FUNC (CD_FUNCIONARIO,CD_LOGRADOURO,NR_END,DS_COMPLEMENTO_END,DT_INICIO,DT_TERMINO,ST_END) values ('4','6','35','A',to_date('13/04/20','DD/MM/RR'),null,'A');
Insert into T_MC_END_FUNC (CD_FUNCIONARIO,CD_LOGRADOURO,NR_END,DS_COMPLEMENTO_END,DT_INICIO,DT_TERMINO,ST_END) values ('5','151','101',null,to_date('29/12/14','DD/MM/RR'),null,'A');
Insert into T_MC_END_FUNC (CD_FUNCIONARIO,CD_LOGRADOURO,NR_END,DS_COMPLEMENTO_END,DT_INICIO,DT_TERMINO,ST_END) values ('6','87','25','Fundo',to_date('06/08/15','DD/MM/RR'),null,'A');
Insert into T_MC_END_FUNC (CD_FUNCIONARIO,CD_LOGRADOURO,NR_END,DS_COMPLEMENTO_END,DT_INICIO,DT_TERMINO,ST_END) values ('7','101','400','Apartamento 320',to_date('25/01/11','DD/MM/RR'),null,'A');
Insert into T_MC_END_FUNC (CD_FUNCIONARIO,CD_LOGRADOURO,NR_END,DS_COMPLEMENTO_END,DT_INICIO,DT_TERMINO,ST_END) values ('8','93','42',null,to_date('15/10/15','DD/MM/RR'),null,'A');
Insert into T_MC_END_FUNC (CD_FUNCIONARIO,CD_LOGRADOURO,NR_END,DS_COMPLEMENTO_END,DT_INICIO,DT_TERMINO,ST_END) values ('9','19','4',null,to_date('20/06/10','DD/MM/RR'),null,'A');
Insert into T_MC_END_FUNC (CD_FUNCIONARIO,CD_LOGRADOURO,NR_END,DS_COMPLEMENTO_END,DT_INICIO,DT_TERMINO,ST_END) values ('10','27','81',null,to_date('20/02/18','DD/MM/RR'),null,'A');
Insert into T_MC_END_FUNC (CD_FUNCIONARIO,CD_LOGRADOURO,NR_END,DS_COMPLEMENTO_END,DT_INICIO,DT_TERMINO,ST_END) values ('11','1','199',null,to_date('11/01/16','DD/MM/RR'),null,'A');
Insert into T_MC_END_FUNC (CD_FUNCIONARIO,CD_LOGRADOURO,NR_END,DS_COMPLEMENTO_END,DT_INICIO,DT_TERMINO,ST_END) values ('12','102','112',null,to_date('09/12/12','DD/MM/RR'),null,'A');
Insert into T_MC_END_FUNC (CD_FUNCIONARIO,CD_LOGRADOURO,NR_END,DS_COMPLEMENTO_END,DT_INICIO,DT_TERMINO,ST_END) values ('13','134','49',null,to_date('31/08/18','DD/MM/RR'),null,'A');
Insert into T_MC_END_FUNC (CD_FUNCIONARIO,CD_LOGRADOURO,NR_END,DS_COMPLEMENTO_END,DT_INICIO,DT_TERMINO,ST_END) values ('14','161','70',null,to_date('04/04/14','DD/MM/RR'),null,'A');
Insert into T_MC_END_FUNC (CD_FUNCIONARIO,CD_LOGRADOURO,NR_END,DS_COMPLEMENTO_END,DT_INICIO,DT_TERMINO,ST_END) values ('15','48','24',null,to_date('13/05/14','DD/MM/RR'),null,'A');
Insert into T_MC_END_FUNC (CD_FUNCIONARIO,CD_LOGRADOURO,NR_END,DS_COMPLEMENTO_END,DT_INICIO,DT_TERMINO,ST_END) values ('16','85','23',null,to_date('19/06/19','DD/MM/RR'),null,'A');
Insert into T_MC_END_FUNC (CD_FUNCIONARIO,CD_LOGRADOURO,NR_END,DS_COMPLEMENTO_END,DT_INICIO,DT_TERMINO,ST_END) values ('17','201','186',null,to_date('19/10/12','DD/MM/RR'),null,'A');
Insert into T_MC_END_FUNC (CD_FUNCIONARIO,CD_LOGRADOURO,NR_END,DS_COMPLEMENTO_END,DT_INICIO,DT_TERMINO,ST_END) values ('18','63','50',null,to_date('26/04/20','DD/MM/RR'),null,'A');
Insert into T_MC_END_FUNC (CD_FUNCIONARIO,CD_LOGRADOURO,NR_END,DS_COMPLEMENTO_END,DT_INICIO,DT_TERMINO,ST_END) values ('19','150','2074','Apartamento 21',to_date('02/01/11','DD/MM/RR'),null,'A');
Insert into T_MC_END_FUNC (CD_FUNCIONARIO,CD_LOGRADOURO,NR_END,DS_COMPLEMENTO_END,DT_INICIO,DT_TERMINO,ST_END) values ('20','203','10',null,to_date('18/07/16','DD/MM/RR'),null,'A');
Insert into T_MC_END_FUNC (CD_FUNCIONARIO,CD_LOGRADOURO,NR_END,DS_COMPLEMENTO_END,DT_INICIO,DT_TERMINO,ST_END) values ('21','111','36',null,to_date('25/07/11','DD/MM/RR'),null,'A');

Insert into T_MC_CLIENTE (NR_CLIENTE,NM_CLIENTE,QT_ESTRELAS,VL_MEDIO_COMPRA,ST_CLIENTE,DS_EMAIL,NR_TELEFONE,NM_LOGIN,DS_SENHA) values ('1','Gustavo Henrique Novaes','3','412','A','Gustavo.Hen@live.com.br',null,'Gustavo.Hen','LgC!ms$G');
Insert into T_MC_CLIENTE (NR_CLIENTE,NM_CLIENTE,QT_ESTRELAS,VL_MEDIO_COMPRA,ST_CLIENTE,DS_EMAIL,NR_TELEFONE,NM_LOGIN,DS_SENHA) values ('2','Carolina Rodrigues','3','897','A','Carolina.Rod@gmail.com',null,'Carolina.Rod','Jb{DSsg)');
Insert into T_MC_CLIENTE (NR_CLIENTE,NM_CLIENTE,QT_ESTRELAS,VL_MEDIO_COMPRA,ST_CLIENTE,DS_EMAIL,NR_TELEFONE,NM_LOGIN,DS_SENHA) values ('3','Ian Vieira','1','1674','A','Ian.Vie@uol.com.br',null,'Ian.Vie','Pq$}Pj$x');
Insert into T_MC_CLIENTE (NR_CLIENTE,NM_CLIENTE,QT_ESTRELAS,VL_MEDIO_COMPRA,ST_CLIENTE,DS_EMAIL,NR_TELEFONE,NM_LOGIN,DS_SENHA) values ('4','Stella Ribeiro','3','184','A','Stella.Rib@hotmail.com',null,'Stella.Rib','mOaY_EA2');
Insert into T_MC_CLIENTE (NR_CLIENTE,NM_CLIENTE,QT_ESTRELAS,VL_MEDIO_COMPRA,ST_CLIENTE,DS_EMAIL,NR_TELEFONE,NM_LOGIN,DS_SENHA) values ('5',' Alexia Rocha','2','422','A','Dra.Ale@yahoo.com.br',null,'Dra.Ale','gY4,8PMK');
Insert into T_MC_CLIENTE (NR_CLIENTE,NM_CLIENTE,QT_ESTRELAS,VL_MEDIO_COMPRA,ST_CLIENTE,DS_EMAIL,NR_TELEFONE,NM_LOGIN,DS_SENHA) values ('6','Clara Alves','5','1165','A','Clara.Alv@gmail.com',null,'Clara.Alv','$!qN&^(D');
Insert into T_MC_CLIENTE (NR_CLIENTE,NM_CLIENTE,QT_ESTRELAS,VL_MEDIO_COMPRA,ST_CLIENTE,DS_EMAIL,NR_TELEFONE,NM_LOGIN,DS_SENHA) values ('7','Benjamin da Mata','1','694','A','Benjamin.da @gmail.com',null,'Benjamin.da ','&+997j(W');
Insert into T_MC_CLIENTE (NR_CLIENTE,NM_CLIENTE,QT_ESTRELAS,VL_MEDIO_COMPRA,ST_CLIENTE,DS_EMAIL,NR_TELEFONE,NM_LOGIN,DS_SENHA) values ('8','Lucas Costela','2','134','A','Lucas.Cos@gmail.com',null,'Lucas.Cos','~6MnKX_V');
Insert into T_MC_CLIENTE (NR_CLIENTE,NM_CLIENTE,QT_ESTRELAS,VL_MEDIO_COMPRA,ST_CLIENTE,DS_EMAIL,NR_TELEFONE,NM_LOGIN,DS_SENHA) values ('9','Ana Beatriz Monteiro','5','1313','A','Ana.Bea@gmail.com',null,'Ana.Bea','ana123@');
Insert into T_MC_CLIENTE (NR_CLIENTE,NM_CLIENTE,QT_ESTRELAS,VL_MEDIO_COMPRA,ST_CLIENTE,DS_EMAIL,NR_TELEFONE,NM_LOGIN,DS_SENHA) values ('10','Sarah Pires','3','1204','A','Sarah.Pir@yahoo.com.br',null,'Sarah.Pir','saraSs10');
Insert into T_MC_CLIENTE (NR_CLIENTE,NM_CLIENTE,QT_ESTRELAS,VL_MEDIO_COMPRA,ST_CLIENTE,DS_EMAIL,NR_TELEFONE,NM_LOGIN,DS_SENHA) values ('11','Lone Wolf Outlet','4','3343','A','lonewolfoutlet@br.com',null,'lonewolfoutlet','lone_wq!');
Insert into T_MC_CLIENTE (NR_CLIENTE,NM_CLIENTE,QT_ESTRELAS,VL_MEDIO_COMPRA,ST_CLIENTE,DS_EMAIL,NR_TELEFONE,NM_LOGIN,DS_SENHA) values ('12','Viva El Viva','5','4846','A','vivaelviva@br.com',null,'vivaelviva','elviva12@1');
Insert into T_MC_CLIENTE (NR_CLIENTE,NM_CLIENTE,QT_ESTRELAS,VL_MEDIO_COMPRA,ST_CLIENTE,DS_EMAIL,NR_TELEFONE,NM_LOGIN,DS_SENHA) values ('13','Seville Fashion Show','4','2512','A','sevillefashionshow@br.com',null,'sevillefashionshow','sfshow$1');
Insert into T_MC_CLIENTE (NR_CLIENTE,NM_CLIENTE,QT_ESTRELAS,VL_MEDIO_COMPRA,ST_CLIENTE,DS_EMAIL,NR_TELEFONE,NM_LOGIN,DS_SENHA) values ('14','Liais Va','3','3455','A','liaisva@br.com',null,'liaisva','sva_1234');
Insert into T_MC_CLIENTE (NR_CLIENTE,NM_CLIENTE,QT_ESTRELAS,VL_MEDIO_COMPRA,ST_CLIENTE,DS_EMAIL,NR_TELEFONE,NM_LOGIN,DS_SENHA) values ('15','Little Ones Playtime','5','2289','A','littleonesplaytime@br.com',null,'littleonesplaytime','play#012');


Insert into T_MC_END_CLI (NR_CLIENTE,CD_LOGRADOURO_CLI,NR_END,DS_COMPLEMENTO_END,DT_INICIO,DT_TERMINO,ST_END) values ('1','61','33',null,to_date('16/02/14','DD/MM/RR'),null,'A');
Insert into T_MC_END_CLI (NR_CLIENTE,CD_LOGRADOURO_CLI,NR_END,DS_COMPLEMENTO_END,DT_INICIO,DT_TERMINO,ST_END) values ('2','116','86',null,to_date('16/02/04','DD/MM/RR'),null,'A');
Insert into T_MC_END_CLI (NR_CLIENTE,CD_LOGRADOURO_CLI,NR_END,DS_COMPLEMENTO_END,DT_INICIO,DT_TERMINO,ST_END) values ('3','221','9',null,to_date('06/06/20','DD/MM/RR'),to_date('21/10/22','DD/MM/RR'),'I');
Insert into T_MC_END_CLI (NR_CLIENTE,CD_LOGRADOURO_CLI,NR_END,DS_COMPLEMENTO_END,DT_INICIO,DT_TERMINO,ST_END) values ('4','4','107',null,to_date('08/06/08','DD/MM/RR'),to_date('04/10/22','DD/MM/RR'),'I');
Insert into T_MC_END_CLI (NR_CLIENTE,CD_LOGRADOURO_CLI,NR_END,DS_COMPLEMENTO_END,DT_INICIO,DT_TERMINO,ST_END) values ('5','185','44',null,to_date('18/12/06','DD/MM/RR'),null,'A');
Insert into T_MC_END_CLI (NR_CLIENTE,CD_LOGRADOURO_CLI,NR_END,DS_COMPLEMENTO_END,DT_INICIO,DT_TERMINO,ST_END) values ('6','96','2','Fundo',to_date('12/04/14','DD/MM/RR'),null,'A');
Insert into T_MC_END_CLI (NR_CLIENTE,CD_LOGRADOURO_CLI,NR_END,DS_COMPLEMENTO_END,DT_INICIO,DT_TERMINO,ST_END) values ('7','227','19','A',to_date('14/04/17','DD/MM/RR'),to_date('21/10/22','DD/MM/RR'),'I');
Insert into T_MC_END_CLI (NR_CLIENTE,CD_LOGRADOURO_CLI,NR_END,DS_COMPLEMENTO_END,DT_INICIO,DT_TERMINO,ST_END) values ('8','17','10',null,to_date('03/05/09','DD/MM/RR'),null,'A');
Insert into T_MC_END_CLI (NR_CLIENTE,CD_LOGRADOURO_CLI,NR_END,DS_COMPLEMENTO_END,DT_INICIO,DT_TERMINO,ST_END) values ('9','177','119','A',to_date('09/10/15','DD/MM/RR'),null,'A');
Insert into T_MC_END_CLI (NR_CLIENTE,CD_LOGRADOURO_CLI,NR_END,DS_COMPLEMENTO_END,DT_INICIO,DT_TERMINO,ST_END) values ('10','68','78',null,to_date('20/02/02','DD/MM/RR'),to_date('21/10/22','DD/MM/RR'),'I');
Insert into T_MC_END_CLI (NR_CLIENTE,CD_LOGRADOURO_CLI,NR_END,DS_COMPLEMENTO_END,DT_INICIO,DT_TERMINO,ST_END) values ('11','114','90','Fundo',to_date('12/02/18','DD/MM/RR'),null,'A');
Insert into T_MC_END_CLI (NR_CLIENTE,CD_LOGRADOURO_CLI,NR_END,DS_COMPLEMENTO_END,DT_INICIO,DT_TERMINO,ST_END) values ('12','25','14','Apartamento 10',to_date('12/09/02','DD/MM/RR'),null,'A');
Insert into T_MC_END_CLI (NR_CLIENTE,CD_LOGRADOURO_CLI,NR_END,DS_COMPLEMENTO_END,DT_INICIO,DT_TERMINO,ST_END) values ('13','105','60',null,to_date('16/12/06','DD/MM/RR'),to_date('21/10/22','DD/MM/RR'),'I');
Insert into T_MC_END_CLI (NR_CLIENTE,CD_LOGRADOURO_CLI,NR_END,DS_COMPLEMENTO_END,DT_INICIO,DT_TERMINO,ST_END) values ('14','24','80',null,to_date('21/12/18','DD/MM/RR'),null,'A');
Insert into T_MC_END_CLI (NR_CLIENTE,CD_LOGRADOURO_CLI,NR_END,DS_COMPLEMENTO_END,DT_INICIO,DT_TERMINO,ST_END) values ('15','15','21',null,to_date('22/09/18','DD/MM/RR'),null,'A');
Insert into T_MC_END_CLI (NR_CLIENTE,CD_LOGRADOURO_CLI,NR_END,DS_COMPLEMENTO_END,DT_INICIO,DT_TERMINO,ST_END) values ('1','233','118',null,to_date('21/06/05','DD/MM/RR'),to_date('21/10/22','DD/MM/RR'),'I');
Insert into T_MC_END_CLI (NR_CLIENTE,CD_LOGRADOURO_CLI,NR_END,DS_COMPLEMENTO_END,DT_INICIO,DT_TERMINO,ST_END) values ('2','155','60',null,to_date('01/05/04','DD/MM/RR'),to_date('21/10/22','DD/MM/RR'),'I');
Insert into T_MC_END_CLI (NR_CLIENTE,CD_LOGRADOURO_CLI,NR_END,DS_COMPLEMENTO_END,DT_INICIO,DT_TERMINO,ST_END) values ('3','148','4','C',to_date('13/03/09','DD/MM/RR'),null,'A');
Insert into T_MC_END_CLI (NR_CLIENTE,CD_LOGRADOURO_CLI,NR_END,DS_COMPLEMENTO_END,DT_INICIO,DT_TERMINO,ST_END) values ('4','7','119',null,to_date('09/07/06','DD/MM/RR'),null,'A');
Insert into T_MC_END_CLI (NR_CLIENTE,CD_LOGRADOURO_CLI,NR_END,DS_COMPLEMENTO_END,DT_INICIO,DT_TERMINO,ST_END) values ('5','98','67',null,to_date('06/09/00','DD/MM/RR'),to_date('21/10/22','DD/MM/RR'),'I');
Insert into T_MC_END_CLI (NR_CLIENTE,CD_LOGRADOURO_CLI,NR_END,DS_COMPLEMENTO_END,DT_INICIO,DT_TERMINO,ST_END) values ('6','21','119',null,to_date('30/10/13','DD/MM/RR'),to_date('21/10/22','DD/MM/RR'),'I');
Insert into T_MC_END_CLI (NR_CLIENTE,CD_LOGRADOURO_CLI,NR_END,DS_COMPLEMENTO_END,DT_INICIO,DT_TERMINO,ST_END) values ('7','146','61',null,to_date('05/11/20','DD/MM/RR'),null,'A');
Insert into T_MC_END_CLI (NR_CLIENTE,CD_LOGRADOURO_CLI,NR_END,DS_COMPLEMENTO_END,DT_INICIO,DT_TERMINO,ST_END) values ('8','102','35',null,to_date('08/03/14','DD/MM/RR'),to_date('21/10/22','DD/MM/RR'),'I');
Insert into T_MC_END_CLI (NR_CLIENTE,CD_LOGRADOURO_CLI,NR_END,DS_COMPLEMENTO_END,DT_INICIO,DT_TERMINO,ST_END) values ('9','220','43','Fundo',to_date('27/11/07','DD/MM/RR'),to_date('21/10/22','DD/MM/RR'),'I');
Insert into T_MC_END_CLI (NR_CLIENTE,CD_LOGRADOURO_CLI,NR_END,DS_COMPLEMENTO_END,DT_INICIO,DT_TERMINO,ST_END) values ('10','24','65','A',to_date('04/08/19','DD/MM/RR'),null,'A');
Insert into T_MC_END_CLI (NR_CLIENTE,CD_LOGRADOURO_CLI,NR_END,DS_COMPLEMENTO_END,DT_INICIO,DT_TERMINO,ST_END) values ('11','142','48',null,to_date('08/03/08','DD/MM/RR'),to_date('21/10/22','DD/MM/RR'),'I');
Insert into T_MC_END_CLI (NR_CLIENTE,CD_LOGRADOURO_CLI,NR_END,DS_COMPLEMENTO_END,DT_INICIO,DT_TERMINO,ST_END) values ('12','163','97','B',to_date('10/09/15','DD/MM/RR'),to_date('21/10/22','DD/MM/RR'),'I');
Insert into T_MC_END_CLI (NR_CLIENTE,CD_LOGRADOURO_CLI,NR_END,DS_COMPLEMENTO_END,DT_INICIO,DT_TERMINO,ST_END) values ('13','124','67',null,to_date('24/03/03','DD/MM/RR'),null,'A');
Insert into T_MC_END_CLI (NR_CLIENTE,CD_LOGRADOURO_CLI,NR_END,DS_COMPLEMENTO_END,DT_INICIO,DT_TERMINO,ST_END) values ('14','39','74',null,to_date('27/04/06','DD/MM/RR'),to_date('21/10/22','DD/MM/RR'),'I');
Insert into T_MC_END_CLI (NR_CLIENTE,CD_LOGRADOURO_CLI,NR_END,DS_COMPLEMENTO_END,DT_INICIO,DT_TERMINO,ST_END) values ('15','36','109','Apartamento 152',to_date('22/10/16','DD/MM/RR'),to_date('21/10/22','DD/MM/RR'),'I');

Insert into T_MC_CLI_JURIDICA (NR_CLIENTE,DT_FUNDACAO,NR_CNPJ,NR_INSCR_EST) values ('11',to_date('16/04/10','DD/MM/RR'),'15847265000105',null);
Insert into T_MC_CLI_JURIDICA (NR_CLIENTE,DT_FUNDACAO,NR_CNPJ,NR_INSCR_EST) values ('12',to_date('09/12/07','DD/MM/RR'),'21432323000124',null);
Insert into T_MC_CLI_JURIDICA (NR_CLIENTE,DT_FUNDACAO,NR_CNPJ,NR_INSCR_EST) values ('13',to_date('20/06/05','DD/MM/RR'),'51657896000117',null);
Insert into T_MC_CLI_JURIDICA (NR_CLIENTE,DT_FUNDACAO,NR_CNPJ,NR_INSCR_EST) values ('14',to_date('04/07/03','DD/MM/RR'),'89416651000170',null);
Insert into T_MC_CLI_JURIDICA (NR_CLIENTE,DT_FUNDACAO,NR_CNPJ,NR_INSCR_EST) values ('15',to_date('10/04/08','DD/MM/RR'),'35204839000126',null);

INSERT INTO T_MC_CLI_FISICA (NR_CLIENTE,DT_NASCIMENTO,FL_SEXO_BIOLOGICO, DS_GENERO,NR_CPF) VALUES ('1',TO_DATE('27/11/1981','DD/MM/YYYY'),'M','Masculino','18931717601');
INSERT INTO T_MC_CLI_FISICA (NR_CLIENTE,DT_NASCIMENTO,FL_SEXO_BIOLOGICO, DS_GENERO,NR_CPF) VALUES ('2',TO_DATE('09/03/1985','DD/MM/YYYY'),'F','Feminino','26684299602');
INSERT INTO T_MC_CLI_FISICA (NR_CLIENTE,DT_NASCIMENTO,FL_SEXO_BIOLOGICO, DS_GENERO,NR_CPF) VALUES ('3',TO_DATE('02/05/1994','DD/MM/YYYY'),'M','Masculino','19732191074');
INSERT INTO T_MC_CLI_FISICA (NR_CLIENTE,DT_NASCIMENTO,FL_SEXO_BIOLOGICO, DS_GENERO,NR_CPF) VALUES ('4',TO_DATE('11/08/2003','DD/MM/YYYY'),'F','Feminino','84672205207');
INSERT INTO T_MC_CLI_FISICA (NR_CLIENTE,DT_NASCIMENTO,FL_SEXO_BIOLOGICO, DS_GENERO,NR_CPF) VALUES ('5',TO_DATE('09/04/1985','DD/MM/YYYY'),'F','Feminino','89415143479');
INSERT INTO T_MC_CLI_FISICA (NR_CLIENTE,DT_NASCIMENTO,FL_SEXO_BIOLOGICO, DS_GENERO,NR_CPF) VALUES ('6',TO_DATE('07/12/2005','DD/MM/YYYY'),'F','Feminino','14501906421');
INSERT INTO T_MC_CLI_FISICA (NR_CLIENTE,DT_NASCIMENTO,FL_SEXO_BIOLOGICO, DS_GENERO,NR_CPF) VALUES ('7',TO_DATE('21/02/1998','DD/MM/YYYY'),'M','Masculino','22218242613');
INSERT INTO T_MC_CLI_FISICA (NR_CLIENTE,DT_NASCIMENTO,FL_SEXO_BIOLOGICO, DS_GENERO,NR_CPF) VALUES ('8',TO_DATE('30/07/1994','DD/MM/YYYY'),'M','Masculino','92188528689');
INSERT INTO T_MC_CLI_FISICA (NR_CLIENTE,DT_NASCIMENTO,FL_SEXO_BIOLOGICO, DS_GENERO,NR_CPF) VALUES ('9',TO_DATE('11/03/1980','DD/MM/YYYY'),'F','Feminino','74931814972');
INSERT INTO T_MC_CLI_FISICA (NR_CLIENTE,DT_NASCIMENTO,FL_SEXO_BIOLOGICO, DS_GENERO,NR_CPF) VALUES ('10',TO_DATE('15/09/2000','DD/MM/YYYY'),'F','Feminino','66761673283');


Insert into T_MC_SGV_SAC (NR_SAC,NR_CLIENTE,CD_PRODUTO,CD_FUNCIONARIO,DT_ABERTURA_SAC,HR_ABERTURA_SAC,DT_ATENDIMENTO,HR_ATENDIMENTO_SAC,NR_TEMPO_TOTAL_SAC,TP_SAC,ST_SAC,NR_INDICE_SATISFACAO) values ('1','3','3','19',to_date('24/01/22','DD/MM/RR'),'19',to_date('26/01/22','DD/MM/RR'),'11','40','R','F','8');
Insert into T_MC_SGV_SAC (NR_SAC,NR_CLIENTE,CD_PRODUTO,CD_FUNCIONARIO,DT_ABERTURA_SAC,HR_ABERTURA_SAC,DT_ATENDIMENTO,HR_ATENDIMENTO_SAC,NR_TEMPO_TOTAL_SAC,TP_SAC,ST_SAC,NR_INDICE_SATISFACAO) values ('2','10','4','20',to_date('27/02/22','DD/MM/RR'),'10',to_date('28/02/22','DD/MM/RR'),'9','23','R','F','10');
Insert into T_MC_SGV_SAC (NR_SAC,NR_CLIENTE,CD_PRODUTO,CD_FUNCIONARIO,DT_ABERTURA_SAC,HR_ABERTURA_SAC,DT_ATENDIMENTO,HR_ATENDIMENTO_SAC,NR_TEMPO_TOTAL_SAC,TP_SAC,ST_SAC,NR_INDICE_SATISFACAO) values ('3','6','4','20',to_date('27/02/22','DD/MM/RR'),'10',to_date('28/02/22','DD/MM/RR'),'10','24','R','F','10');
Insert into T_MC_SGV_SAC (NR_SAC,NR_CLIENTE,CD_PRODUTO,CD_FUNCIONARIO,DT_ABERTURA_SAC,HR_ABERTURA_SAC,DT_ATENDIMENTO,HR_ATENDIMENTO_SAC,NR_TEMPO_TOTAL_SAC,TP_SAC,ST_SAC,NR_INDICE_SATISFACAO) values ('4','1','1','18',to_date('15/07/22','DD/MM/RR'),'22',to_date('16/07/22','DD/MM/RR'),'9','11','R','X','4');
Insert into T_MC_SGV_SAC (NR_SAC,NR_CLIENTE,CD_PRODUTO,CD_FUNCIONARIO,DT_ABERTURA_SAC,HR_ABERTURA_SAC,DT_ATENDIMENTO,HR_ATENDIMENTO_SAC,NR_TEMPO_TOTAL_SAC,TP_SAC,ST_SAC,NR_INDICE_SATISFACAO) values ('5','7','10','20',to_date('01/08/22','DD/MM/RR'),'17',to_date('02/08/22','DD/MM/RR'),'10','17','S','E',null);

commit;